Product Type,Net Quantity,Gross Sales,Discounts,Returns,Total Net Sales,Net Revenue per Item
Art & Sculpture,34,14935.0,-594.0,-1609.0,12732.0,374.47058823529414
Basket,13,3744.0,-316.8,0.0,3427.2,263.6307692307692
Basket,12,3825.0,-201.6,-288.0,3335.4,277.95
Basket,17,3035.0,-63.25,0.0,2971.75,174.80882352941177
Art & Sculpture,47,2696.8,-44.16,0.0,2652.64,56.43914893617021
Basket,17,2695.0,-52.5,-110.0,2532.5,148.97058823529412
Basket,20,2310.0,-66.0,-110.0,2134.0,106.7
Christmas,90,2160.0,-45.59,0.0,2114.41,23.493444444444442
Art & Sculpture,10,2250.0,-180.0,0.0,2070.0,207.0
Basket,11,1925.0,-17.5,0.0,1907.5,173.4090909090909
Basket,30,1907.0,-41.3,0.0,1865.7,62.190000000000005
Home Decor,19,1748.0,-46.85,0.0,1701.15,89.53421052631579
Basket,15,1725.0,-92.0,0.0,1633.0,108.86666666666666
Art & Sculpture,2,1625.0,-5.0,0.0,1620.0,810.0
Recycled Art,37,1554.0,-29.4,0.0,1524.6,41.2054054054054
Jewelry,33,1584.0,-67.17,0.0,1516.83,45.96454545454545
Basket,20,1560.0,-47.8,0.0,1512.2,75.61
Jewelry,32,1536.0,-76.8,0.0,1459.2,45.6
Home Decor,17,1496.0,-44.0,0.0,1452.0,85.41176470588235
Basket,5,1467.0,-57.6,0.0,1409.4,281.88
Art & Sculpture,9,1466.0,-75.89,0.0,1390.11,154.45666666666665
Art & Sculpture,11,1375.0,-12.5,0.0,1362.5,123.86363636363636
Art & Sculpture,58,1392.0,-36.0,0.0,1356.0,23.379310344827587
Christmas,58,1392.0,-45.6,0.0,1346.4,23.21379310344828
Jewelry,96,1400.0,-42.0,-56.0,1302.0,13.5625
Art & Sculpture,3,1660.0,0.0,-365.0,1295.0,431.6666666666667
Basket,15,1260.0,0.0,0.0,1260.0,84.0
Basket,9,1315.0,-57.5,0.0,1257.5,139.72222222222223
Art & Sculpture,30,1260.0,-46.2,0.0,1213.8,40.46
Skin Care,32,1216.0,-26.6,0.0,1189.4,37.16875
Home Decor,18,1224.0,-40.8,0.0,1183.2,65.73333333333333
Basket,7,1225.0,-70.0,0.0,1155.0,165.0
Art & Sculpture,7,1155.0,-47.51,0.0,1107.49,158.21285714285713
Home Decor,5,1125.0,-22.5,0.0,1102.5,220.5
Basket,4,1152.0,-57.6,0.0,1094.4,273.6
Basket,14,1158.0,-67.16,0.0,1090.84,77.91714285714285
Basket,10,1100.0,-11.0,0.0,1089.0,108.9
Kitchen,69,1104.0,-25.6,0.0,1078.4,15.628985507246378
Basket,10,1100.0,-26.13,0.0,1073.87,107.38699999999999
Art & Sculpture,15,1110.0,-46.79,0.0,1063.21,70.88066666666667
Art & Sculpture,18,1352.0,-31.99,-258.0,1062.01,59.00055555555556
Basket,11,1056.0,-7.57,0.0,1048.43,95.31181818181818
Home Decor,12,1120.0,-72.0,0.0,1048.0,87.33333333333333
Basket,6,1050.0,-17.5,0.0,1032.5,172.08333333333334
Basket,4,1030.0,0.0,0.0,1030.0,257.5
Basket,13,1194.0,-8.8,-156.0,1029.2,79.16923076923078
Art & Sculpture,15,1110.0,-81.38,0.0,1028.62,68.57466666666666
Art & Sculpture,59,1062.0,-33.6,0.0,1028.4,17.43050847457627
Basket,6,1225.0,-35.0,-175.0,1015.0,169.16666666666666
Basket,6,990.0,0.0,0.0,990.0,165.0
Basket,6,1050.0,-78.75,0.0,971.25,161.875
Basket,9,1100.0,-43.99,-99.01,957.0,106.33333333333333
Home Decor,11,968.0,-17.6,0.0,950.4,86.39999999999999
Basket,9,990.0,-43.99,0.0,946.01,105.11222222222221
Basket,7,952.0,-13.6,0.0,938.4,134.05714285714285
Art & Sculpture,25,950.0,-17.6,0.0,932.4,37.296
Basket,5,925.0,0.0,0.0,925.0,185.0
Art & Sculpture,2,1150.0,-230.0,0.0,920.0,460.0
Basket,3,1179.0,0.0,-288.0,891.0,297.0
Christmas,11,924.0,-33.6,0.0,890.4,80.94545454545454
Art & Sculpture,4,960.0,-72.0,0.0,888.0,222.0
Kitchen,24,906.0,-18.99,0.0,887.01,36.95875
Basket,3,945.0,-63.0,0.0,882.0,294.0
Home Decor,7,879.0,0.0,0.0,879.0,125.57142857142857
Art & Sculpture,10,975.0,-17.59,-79.21,878.2,87.82000000000001
Basket,11,898.0,-33.2,0.0,864.8,78.61818181818181
Basket,7,876.5,-12.65,0.0,863.85,123.40714285714286
Basket,5,875.0,-17.5,0.0,857.5,171.5
Art & Sculpture,4,900.0,-45.0,0.0,855.0,213.75
Home Decor,9,925.0,-73.5,0.0,851.5,94.61111111111111
Art & Sculpture,11,858.0,-23.6,0.0,834.4,75.85454545454546
Jewelry,18,912.0,-45.6,-48.0,818.4,45.46666666666667
Basket,7,812.0,-11.6,0.0,800.4,114.34285714285714
Basket,7,1035.0,-23.0,-230.0,782.0,111.71428571428571
Art & Sculpture,19,798.0,-16.79,0.0,781.21,41.11631578947369
Basket,16,804.0,-30.8,0.0,773.2,48.325
Basket,7,770.0,-3.48,0.0,766.52,109.50285714285714
Basket,7,775.0,-22.5,0.0,752.5,107.5
Basket,7,770.0,-33.0,0.0,737.0,105.28571428571429
Jewelry,16,768.0,-31.2,0.0,736.8,46.05
Basket,9,736.0,0.0,0.0,736.0,81.77777777777777
Jewelry,16,768.0,-33.6,0.0,734.4,45.9
Basket,4,740.0,-18.5,0.0,721.5,180.375
Jewelry,15,720.0,-9.6,0.0,710.4,47.36
Basket,4,700.0,0.0,0.0,700.0,175.0
Basket,6,696.0,-11.6,0.0,684.4,114.06666666666666
Christmas,18,798.0,-7.6,-114.0,676.4,37.577777777777776
Basket,5,725.0,-58.0,0.0,667.0,133.4
Basket,4,700.0,-35.0,0.0,665.0,166.25
Jewelry,25,700.0,-35.8,0.0,664.2,26.568
Jewelry,24,672.0,-28.01,0.0,643.99,26.832916666666666
Art & Sculpture,9,700.0,-57.0,0.0,643.0,71.44444444444444
Art & Sculpture,2,645.0,-4.15,0.0,640.85,320.425
Home Decor,5,631.0,0.0,0.0,631.0,126.2
Art & Sculpture,18,648.0,-21.6,0.0,626.4,34.8
Art & Sculpture,5,638.0,-12.4,0.0,625.6,125.12
Art & Sculpture,5,625.0,0.0,0.0,625.0,125.0
Art & Sculpture,5,636.0,-12.4,0.0,623.6,124.72
Basket,5,625.0,-12.5,0.0,612.5,122.5
Jewelry,13,624.0,-19.2,0.0,604.8,46.52307692307692
Basket,2,891.0,0.0,-288.0,603.0,301.5
Art & Sculpture,4,600.0,-15.0,0.0,585.0,146.25
Jewelry,42,602.0,-7.01,-14.0,580.99,13.833095238095238
Basket,5,580.0,0.0,0.0,580.0,116.0
Basket,2,576.0,0.0,0.0,576.0,288.0
Skin Care,31,573.5,-1.85,0.0,571.65,18.440322580645162
Home Decor,7,574.0,-8.2,0.0,565.8,80.82857142857142
Art & Sculpture,4,565.0,0.0,0.0,565.0,141.25
Basket,3,564.0,0.0,0.0,564.0,188.0
Kitchen,20,560.0,-2.81,0.0,557.19,27.859500000000004
Basket,5,575.0,-23.0,0.0,552.0,110.4
Basket,5,550.0,0.0,0.0,550.0,110.0
Christmas,15,570.0,-20.2,0.0,549.8,36.65333333333333
Jewelry,40,616.0,-11.2,-56.0,548.8,13.719999999999999
Art & Sculpture,6,588.0,-48.99,0.0,539.01,89.835
Home Decor,6,590.0,-59.0,0.0,531.0,88.5
Home Decor,8,544.0,-13.6,0.0,530.4,66.3
Basket,5,550.0,-22.0,0.0,528.0,105.6
Basket,5,550.0,-22.0,0.0,528.0,105.6
Basket,5,550.0,-22.0,0.0,528.0,105.6
Basket,19,622.0,-94.6,0.0,527.4,27.757894736842104
Basket,3,525.0,0.0,0.0,525.0,175.0
Basket,3,525.0,0.0,0.0,525.0,175.0
Art & Sculpture,6,522.0,0.0,0.0,522.0,87.0
Textiles,5,564.0,-44.0,0.0,520.0,104.0
Art & Sculpture,13,526.0,-12.6,0.0,513.4,39.49230769230769
Art & Sculpture,18,516.0,-6.0,0.0,510.0,28.333333333333332
Basket,12,528.0,-18.8,0.0,509.2,42.43333333333333
Basket,3,525.0,-17.5,0.0,507.5,169.16666666666666
Art & Sculpture,14,518.0,-14.6,0.0,503.4,35.957142857142856
Jewelry,9,522.0,-21.6,0.0,500.4,55.599999999999994
Kitchen,7,506.0,-5.8,0.0,500.2,71.45714285714286
Basket,4,500.0,0.0,0.0,500.0,125.0
Basket,9,498.0,0.0,0.0,498.0,55.333333333333336
Jewelry,11,528.0,-33.58,0.0,494.42,44.947272727272725
Basket,12,546.0,-17.6,-37.0,491.4,40.949999999999996
Art & Sculpture,9,486.0,-5.4,0.0,480.6,53.400000000000006
Jewelry,10,480.0,0.0,0.0,480.0,48.0
Art & Sculpture,22,506.0,-10.99,-19.8,475.21,21.600454545454543
Basket,10,480.0,-4.8,0.0,475.2,47.519999999999996
Art & Sculpture,9,593.0,-9.0,-110.0,474.0,52.666666666666664
Art & Sculpture,22,484.0,-11.29,0.0,472.71,21.48681818181818
Basket,4,500.0,-37.5,0.0,462.5,115.625
Kitchen,13,468.0,-7.2,0.0,460.8,35.44615384615385
Art & Sculpture,5,460.0,0.0,0.0,460.0,92.0
Basket,4,460.0,0.0,0.0,460.0,115.0
Christmas,21,462.0,-2.2,0.0,459.8,21.895238095238096
Accessories,25,472.0,-14.0,0.0,458.0,18.32
Jewelry,17,476.0,-18.2,0.0,457.8,26.929411764705883
Basket,3,460.0,-2.24,0.0,457.76,152.58666666666667
Art & Sculpture,7,476.0,-20.4,0.0,455.6,65.08571428571429
Art & Sculpture,2,450.0,0.0,0.0,450.0,225.0
Art & Sculpture,2,450.0,0.0,0.0,450.0,225.0
Basket,3,450.0,0.0,0.0,450.0,150.0
Art & Sculpture,18,450.0,-5.0,0.0,445.0,24.72222222222222
Basket,3,460.0,-17.5,0.0,442.5,147.5
Art & Sculpture,4,458.0,-15.6,0.0,442.4,110.6
Art & Sculpture,6,536.0,-6.8,-88.0,441.2,73.53333333333333
Jewelry,5,440.0,0.0,0.0,440.0,88.0
Christmas,5,440.0,0.0,0.0,440.0,88.0
Jewelry,16,448.0,-8.4,0.0,439.6,27.475
Art & Sculpture,25,450.0,-14.39,0.0,435.61,17.424400000000002
Basket,4,440.0,-11.0,0.0,429.0,107.25
Christmas,17,442.0,-20.8,0.0,421.2,24.776470588235295
Kitchen,45,437.0,-10.25,-8.54,418.21,9.293555555555555
Art & Sculpture,10,420.0,-4.5,0.0,415.5,41.55
Art & Sculpture,14,435.0,-20.1,0.0,414.9,29.635714285714283
Fair Trade Gifts,17,432.0,-19.6,0.0,412.4,24.258823529411764
Basket,10,420.0,-9.6,0.0,410.4,41.04
Basket,2,615.0,0.0,-205.0,410.0,205.0
Art & Sculpture,12,432.0,-25.2,0.0,406.8,33.9
One-of-a-Kind,1,450.0,-45.0,0.0,405.0,405.0
Christmas,12,408.0,-3.4,0.0,404.6,33.71666666666667
Jewelry,29,462.0,-8.41,-56.0,397.59,13.709999999999999
Basket,6,408.0,-11.8,0.0,396.2,66.03333333333333
Basket,4,440.0,-44.0,0.0,396.0,99.0
Basket,2,410.0,-20.5,0.0,389.5,194.75
Art & Sculpture,3,432.0,-43.2,0.0,388.8,129.6
Art & Sculpture,1,385.0,0.0,0.0,385.0,385.0
Art & Sculpture,1,385.0,0.0,0.0,385.0,385.0
Basket,4,414.0,-33.0,0.0,381.0,95.25
Art & Sculpture,6,379.0,0.0,0.0,379.0,63.166666666666664
Home Decor,3,374.0,0.0,0.0,374.0,124.66666666666667
Basket,9,378.0,-4.2,0.0,373.8,41.53333333333333
Art & Sculpture,16,408.0,-13.6,-21.6,372.8,23.3
Kitchen,21,374.0,-1.39,0.0,372.61,17.743333333333332
Art & Sculpture,3,384.0,-12.8,0.0,371.2,123.73333333333333
Art & Sculpture,4,380.0,-9.5,0.0,370.5,92.625
Basket,2,370.0,0.0,0.0,370.0,185.0
Basket,11,393.25,-25.0,0.0,368.25,33.47727272727273
Basket,8,428.0,-19.2,-46.0,362.8,45.35
Soapstone,13,359.0,0.0,0.0,359.0,27.615384615384617
Art & Sculpture,2,396.0,-39.6,0.0,356.4,178.2
Kitchen,18,360.0,-4.0,0.0,356.0,19.77777777777778
Art & Sculpture,4,360.0,-4.19,0.0,355.81,88.9525
Art & Sculpture,4,360.0,-5.8,0.0,354.2,88.55
Christmas,16,352.0,0.0,0.0,352.0,22.0
Basket,2,370.0,-18.5,0.0,351.5,175.75
Art & Sculpture,1,350.0,0.0,0.0,350.0,350.0
Basket,2,350.0,0.0,0.0,350.0,175.0
Basket,2,350.0,0.0,0.0,350.0,175.0
Basket,2,350.0,0.0,0.0,350.0,175.0
Art & Sculpture,11,352.0,-3.19,0.0,348.81,31.71
Basket,7,364.0,-15.6,0.0,348.4,49.771428571428565
Basket,6,348.0,0.0,0.0,348.0,58.0
Basket,3,348.0,0.0,0.0,348.0,116.0
Basket,3,348.0,0.0,0.0,348.0,116.0
Home Decor,16,352.0,-4.4,0.0,347.6,21.725
Christmas,16,352.0,-4.4,0.0,347.6,21.725
Basket,8,344.0,0.0,0.0,344.0,43.0
Basket,9,342.0,0.0,0.0,342.0,38.0
Jewelry,11,360.0,-19.4,0.0,340.6,30.963636363636365
Basket,9,339.0,0.0,0.0,339.0,37.666666666666664
Fair Trade Gifts,16,352.0,-13.18,0.0,338.82,21.17625
Art & Sculpture,6,348.0,-11.6,0.0,336.4,56.06666666666666
Basket,3,360.0,-24.0,0.0,336.0,112.0
Art & Sculpture,2,336.0,0.0,0.0,336.0,168.0
Jewelry,7,336.0,-3.15,0.0,332.85,47.550000000000004
Art & Sculpture,14,350.0,-17.2,0.0,332.8,23.771428571428572
Art & Sculpture,2,350.0,-17.5,0.0,332.5,166.25
Basket,2,350.0,-17.5,0.0,332.5,166.25
Basket,3,330.0,0.0,0.0,330.0,110.0
Basket,3,440.0,0.0,-110.0,330.0,110.0
Basket,3,330.0,0.0,0.0,330.0,110.0
Basket,2,330.0,0.0,0.0,330.0,165.0
Art & Sculpture,3,440.0,0.0,-110.0,330.0,110.0
Basket,1,365.0,-36.5,0.0,328.5,328.5
Art & Sculpture,8,336.0,-12.6,0.0,323.4,40.425
Jewelry,10,340.0,-18.6,0.0,321.4,32.14
Home Decor,5,408.0,-20.4,-68.0,319.6,63.92
Basket,3,330.0,-11.0,0.0,319.0,106.33333333333333
Basket,3,330.0,-11.0,0.0,319.0,106.33333333333333
Music,9,328.0,-12.6,0.0,315.4,35.044444444444444
Art & Sculpture,7,315.0,0.0,0.0,315.0,45.0
Basket,2,350.0,-35.0,0.0,315.0,157.5
Basket,2,350.0,-35.0,0.0,315.0,157.5
Christmas,18,324.0,-10.8,0.0,313.2,17.4
Basket,1,310.0,0.0,0.0,310.0,310.0
Art & Sculpture,3,330.0,-22.0,0.0,308.0,102.66666666666667
Basket,3,330.0,-22.0,0.0,308.0,102.66666666666667
Art & Sculpture,2,324.0,-16.2,0.0,307.8,153.9
Kitchen,13,312.0,-4.81,0.0,307.19,23.63
Art & Sculpture,5,312.0,-5.0,0.0,307.0,61.4
Basket,5,307.0,0.0,0.0,307.0,61.4
Art & Sculpture,7,315.0,-9.5,0.0,305.5,43.642857142857146
Basket,3,348.0,-46.4,0.0,301.6,100.53333333333335
Art & Sculpture,2,300.0,0.0,0.0,300.0,150.0
Basket,8,348.0,-11.41,-38.0,298.59,37.32375
Basket,3,298.0,0.0,0.0,298.0,99.33333333333333
Jewelry,11,308.0,-11.21,0.0,296.79,26.980909090909094
Art & Sculpture,2,296.0,0.0,0.0,296.0,148.0
Jewelry,6,300.0,-4.4,0.0,295.6,49.26666666666667
Kitchen,29,307.5,-14.16,0.0,293.34,10.115172413793102
Basket,3,304.0,-11.0,0.0,293.0,97.66666666666667
Jewelry,21,378.0,-2.8,-84.0,291.2,13.866666666666665
Art & Sculpture,5,290.0,0.0,0.0,290.0,58.0
Textiles,8,342.0,-15.2,-38.0,288.8,36.1
Basket,3,288.0,0.0,0.0,288.0,96.0
Home Decor,2,288.0,0.0,0.0,288.0,144.0
Art & Sculpture,6,288.0,0.0,0.0,288.0,48.0
Christmas,16,306.0,-1.8,-18.0,286.2,17.8875
Soapstone,8,285.0,0.0,0.0,285.0,35.625
Home Decor,5,320.0,-38.4,0.0,281.6,56.32000000000001
Home Decor,8,304.0,-22.8,0.0,281.2,35.15
Furniture,2,350.0,-70.0,0.0,280.0,140.0
Music,16,292.0,-12.2,0.0,279.8,17.4875
Art & Sculpture,3,302.0,-23.4,0.0,278.6,92.86666666666667
Jewelry,6,288.0,-9.6,0.0,278.4,46.4
Art & Sculpture,6,288.0,-9.61,0.0,278.39,46.39833333333333
Christmas,13,286.0,-8.8,0.0,277.2,21.323076923076922
Jewelry,6,288.0,-12.0,0.0,276.0,46.0
Basket,6,280.0,-6.32,0.0,273.68,45.61333333333334
Home Decor,2,288.0,-14.39,0.0,273.61,136.805
Art & Sculpture,8,288.0,-14.4,0.0,273.6,34.2
Home Decor,4,286.0,-13.6,0.0,272.4,68.1
Art & Sculpture,4,272.0,0.0,0.0,272.0,68.0
Basket,2,272.0,0.0,0.0,272.0,136.0
Art & Sculpture,6,276.0,-4.8,0.0,271.2,45.199999999999996
Christmas,15,270.0,0.0,0.0,270.0,18.0
Home Decor,2,270.0,0.0,0.0,270.0,135.0
Jewelry,10,280.0,-10.44,0.0,269.56,26.956
Art & Sculpture,15,278.0,-8.71,0.0,269.29,17.95266666666667
Art & Sculpture,7,272.0,-3.52,0.0,268.48,38.354285714285716
Christmas,15,288.0,-3.6,-18.0,266.4,17.759999999999998
Home Decor,4,272.0,-6.79,0.0,265.21,66.3025
Home Decor,4,272.0,-6.8,0.0,265.2,66.3
Christmas,15,270.0,-5.41,0.0,264.59,17.639333333333333
Kids,12,264.0,0.0,0.0,264.0,22.0
Home Decor,3,264.0,0.0,0.0,264.0,88.0
Fair Trade Gifts,22,264.0,0.0,0.0,264.0,12.0
Kitchen,2,264.0,0.0,0.0,264.0,132.0
Basket,1,288.0,-28.8,0.0,259.2,259.2
Recycled Art,9,262.0,-3.0,0.0,259.0,28.77777777777778
Music,4,256.0,0.0,0.0,256.0,64.0
Basket,6,264.0,-8.8,0.0,255.2,42.53333333333333
Jewelry,7,270.0,-15.21,0.0,254.79,36.39857142857143
Basket,6,252.0,0.0,0.0,252.0,42.0
Basket,6,267.0,-15.31,0.0,251.69,41.94833333333333
Home Decor,4,272.0,-20.4,0.0,251.6,62.9
Home Decor,7,304.0,-15.2,-38.0,250.8,35.82857142857143
Home Decor,4,248.0,0.0,0.0,248.0,62.0
Furniture,1,275.0,-27.5,0.0,247.5,247.5
Recycled Art,1,245.0,0.0,0.0,245.0,245.0
Art & Sculpture,2,244.0,0.0,0.0,244.0,122.0
Jewelry,6,252.0,-8.41,0.0,243.59,40.598333333333336
Skin Care,13,240.5,0.0,0.0,240.5,18.5
Music,13,280.0,-21.99,-18.01,240.0,18.46153846153846
Basket,1,240.0,0.0,0.0,240.0,240.0
Basket,1,240.0,0.0,0.0,240.0,240.0
Basket,1,240.0,0.0,0.0,240.0,240.0
Art & Sculpture,5,240.0,0.0,0.0,240.0,48.0
Basket,8,274.0,0.0,-34.0,240.0,30.0
Art & Sculpture,1,240.0,0.0,0.0,240.0,240.0
Basket,1,240.0,0.0,0.0,240.0,240.0
Jewelry,8,244.0,-5.1,0.0,238.9,29.8625
Home Decor,2,249.0,-12.5,0.0,236.5,118.25
Kitchen,4,252.0,-15.6,0.0,236.4,59.1
Christmas,13,234.0,0.0,0.0,234.0,18.0
Basket,2,232.0,0.0,0.0,232.0,116.0
Basket,2,232.0,0.0,0.0,232.0,116.0
Basket,2,348.0,-11.6,-104.4,232.0,116.0
Jewelry,5,240.0,-9.6,0.0,230.4,46.08
Basket,2,230.0,0.0,0.0,230.0,115.0
Christmas,9,252.0,-22.4,0.0,229.6,25.51111111111111
Skin Care,6,228.0,0.0,0.0,228.0,38.0
Basket,5,272.0,-5.12,-38.88,228.0,45.6
Christmas,4,232.0,-5.8,0.0,226.2,56.55
Basket,6,268.0,-4.0,-38.0,226.0,37.666666666666664
Basket,5,240.0,-14.6,0.0,225.4,45.08
Basket,4,245.0,-19.69,0.0,225.31,56.3275
Art & Sculpture,1,225.0,0.0,0.0,225.0,225.0
Art & Sculpture,1,225.0,0.0,0.0,225.0,225.0
Basket,6,228.0,-3.4,0.0,224.6,37.43333333333333
Basket,6,266.0,-3.8,-38.0,224.2,37.36666666666667
Kitchen,19,228.0,-5.79,0.0,222.21,11.695263157894738
Art & Sculpture,3,222.0,0.0,0.0,222.0,74.0
Basket,4,232.0,-10.6,0.0,221.4,55.35
Basket,2,232.0,-11.6,0.0,220.4,110.2
Basket,2,220.0,0.0,0.0,220.0,110.0
Basket,2,220.0,0.0,0.0,220.0,110.0
Basket,2,220.0,0.0,0.0,220.0,110.0
Basket,2,220.0,0.0,0.0,220.0,110.0
Basket,2,220.0,0.0,0.0,220.0,110.0
Basket,2,220.0,0.0,0.0,220.0,110.0
Basket,1,240.0,-24.0,0.0,216.0,216.0
Basket,1,240.0,-24.0,0.0,216.0,216.0
Basket,1,240.0,-24.0,0.0,216.0,216.0
Basket,1,240.0,-24.0,0.0,216.0,216.0
Christmas,8,224.0,-8.41,0.0,215.59,26.94875
Home Decor,3,234.0,-19.5,0.0,214.5,71.5
Christmas,12,216.0,-1.8,0.0,214.2,17.849999999999998
Home Decor,6,228.0,-15.19,0.0,212.81,35.468333333333334
Basket,5,220.0,-8.8,0.0,211.2,42.239999999999995
Art & Sculpture,1,210.0,0.0,0.0,210.0,210.0
Art & Sculpture,8,224.0,-14.0,0.0,210.0,26.25
Basket,1,210.0,0.0,0.0,210.0,210.0
Basket,2,220.0,-11.0,0.0,209.0,104.5
Basket,2,220.0,-11.0,0.0,209.0,104.5
Basket,2,220.0,-11.0,0.0,209.0,104.5
Basket,2,220.0,-11.0,0.0,209.0,104.5
Basket,2,232.0,-23.2,0.0,208.8,104.4
Art & Sculpture,12,216.0,-8.4,0.0,207.6,17.3
Soapstone,8,224.0,-19.6,0.0,204.4,25.55
Kitchen,6,204.0,0.0,0.0,204.0,34.0
Jewelry,3,204.0,0.0,0.0,204.0,68.0
Basket,3,204.0,0.0,0.0,204.0,68.0
Basket,3,204.0,0.0,0.0,204.0,68.0
Jewelry,6,204.0,0.0,0.0,204.0,34.0
Jewelry,3,204.0,0.0,0.0,204.0,68.0
Basket,6,204.0,0.0,0.0,204.0,34.0
Basket,3,204.0,0.0,0.0,204.0,68.0
Kitchen,20,220.5,-16.92,0.0,203.58,10.179
Art & Sculpture,4,312.0,-5.2,-104.0,202.8,50.7
Art & Sculpture,6,216.0,-14.4,0.0,201.6,33.6
One-of-a-Kind,1,200.0,0.0,0.0,200.0,200.0
One-of-a-Kind,1,200.0,0.0,0.0,200.0,200.0
One-of-a-Kind,1,200.0,0.0,0.0,200.0,200.0
Basket,4,204.0,-5.8,0.0,198.2,49.55
Home Decor,2,208.0,-9.8,0.0,198.2,99.1
Basket,2,220.0,-22.0,0.0,198.0,99.0
Basket,1,220.0,-22.0,0.0,198.0,198.0
Art & Sculpture,9,198.0,0.0,0.0,198.0,22.0
Accessories,3,204.0,-6.8,0.0,197.2,65.73333333333333
Accessories,2,196.0,0.0,0.0,196.0,98.0
Art & Sculpture,7,196.0,0.0,0.0,196.0,28.0
Accessories,2,196.0,0.0,0.0,196.0,98.0
Home Decor,4,196.0,0.0,0.0,196.0,49.0
Accessories,2,196.0,0.0,0.0,196.0,98.0
Jewelry,6,202.0,-6.6,0.0,195.4,32.56666666666667
Basket,1,195.0,0.0,0.0,195.0,195.0
Art & Sculpture,3,195.0,0.0,0.0,195.0,65.0
Basket,1,195.0,0.0,0.0,195.0,195.0
Basket,1,390.0,0.0,-195.0,195.0,195.0
Basket,1,195.0,0.0,0.0,195.0,195.0
Basket,4,208.0,-13.01,0.0,194.99,48.7475
Recycled Art,8,200.0,-5.01,0.0,194.99,24.37375
Jewelry,5,202.0,-7.6,0.0,194.4,38.88
Soapstone,7,193.0,0.0,0.0,193.0,27.571428571428573
Art & Sculpture,3,192.0,0.0,0.0,192.0,64.0
Home Decor,5,204.0,-12.1,0.0,191.9,38.38
Kids,6,204.0,-13.4,0.0,190.6,31.766666666666666
Basket,3,204.0,-13.6,0.0,190.4,63.46666666666667
Home Decor,2,190.0,0.0,0.0,190.0,95.0
Basket,2,190.0,0.0,0.0,190.0,95.0
Basket,4,194.0,-4.4,0.0,189.6,47.4
Basket,4,194.0,-5.0,0.0,189.0,47.25
Recycled Art,6,192.0,-3.2,0.0,188.8,31.46666666666667
Basket,1,564.0,0.0,-376.0,188.0,188.0
Basket,4,188.0,0.0,0.0,188.0,47.0
Basket,7,196.0,-8.39,0.0,187.61,26.801428571428573
Basket,6,194.0,-6.41,0.0,187.59,31.265
Basket,4,192.0,-4.8,0.0,187.2,46.8
Basket,4,192.0,-4.8,0.0,187.2,46.8
Home Decor,8,192.0,-4.8,0.0,187.2,23.4
Accessories,2,196.0,-9.79,0.0,186.21,93.105
Soapstone,5,190.0,-3.8,0.0,186.2,37.239999999999995
Accessories,2,196.0,-9.81,0.0,186.19,93.095
Art & Sculpture,12,192.0,-6.42,0.0,185.58,15.465000000000002
Basket,1,185.0,0.0,0.0,185.0,185.0
Basket,1,185.0,0.0,0.0,185.0,185.0
Basket,1,185.0,0.0,0.0,185.0,185.0
Basket,1,185.0,0.0,0.0,185.0,185.0
Basket,1,185.0,0.0,0.0,185.0,185.0
Basket,1,185.0,0.0,0.0,185.0,185.0
Basket,1,185.0,0.0,0.0,185.0,185.0
Art & Sculpture,1,185.0,0.0,0.0,185.0,185.0
Basket,1,185.0,0.0,0.0,185.0,185.0
Basket,1,185.0,0.0,0.0,185.0,185.0
Basket,1,185.0,0.0,0.0,185.0,185.0
Basket,1,185.0,0.0,0.0,185.0,185.0
Basket,1,185.0,0.0,0.0,185.0,185.0
Basket,1,185.0,0.0,0.0,185.0,185.0
Basket,1,185.0,0.0,0.0,185.0,185.0
Basket,1,185.0,0.0,0.0,185.0,185.0
Basket,1,185.0,0.0,0.0,185.0,185.0
Basket,1,185.0,0.0,0.0,185.0,185.0
Basket,1,185.0,0.0,0.0,185.0,185.0
Basket,1,185.0,0.0,0.0,185.0,185.0
Basket,1,185.0,0.0,0.0,185.0,185.0
Art & Sculpture,1,185.0,0.0,0.0,185.0,185.0
Basket,1,185.0,0.0,0.0,185.0,185.0
Basket,1,185.0,0.0,0.0,185.0,185.0
Home Decor,1,185.0,0.0,0.0,185.0,185.0
Basket,1,185.0,0.0,0.0,185.0,185.0
Basket,1,205.0,-20.5,0.0,184.5,184.5
Art & Sculpture,3,204.0,-20.4,0.0,183.6,61.199999999999996
Music,9,186.0,-2.4,0.0,183.6,20.4
Jewelry,8,192.0,-9.59,0.0,182.41,22.80125
Home Decor,5,190.0,-7.6,0.0,182.4,36.480000000000004
Home Decor,5,228.0,-7.6,-38.0,182.4,36.480000000000004
Basket,4,182.0,0.0,0.0,182.0,45.5
Soapstone,7,183.0,-2.1,0.0,180.9,25.842857142857145
Furniture,2,190.0,-9.49,0.0,180.51,90.255
Recycled Art,12,180.0,0.0,0.0,180.0,15.0
Basket,4,184.0,-4.6,0.0,179.4,44.85
Jewelry,7,196.0,-16.79,0.0,179.21,25.601428571428574
Basket,2,188.0,-9.4,0.0,178.6,89.3
Art & Sculpture,1,198.0,-19.8,0.0,178.2,178.2
Kids,5,178.0,0.0,0.0,178.0,35.6
Jewelry,13,238.0,-4.21,-56.0,177.79,13.676153846153845
Jewelry,4,192.0,-14.39,0.0,177.61,44.4025
Art & Sculpture,5,180.0,-3.6,0.0,176.4,35.28
Art & Sculpture,10,180.0,-3.62,0.0,176.38,17.637999999999998
Jewelry,2,176.0,0.0,0.0,176.0,88.0
Art & Sculpture,4,176.0,0.0,0.0,176.0,44.0
Art & Sculpture,4,180.0,-4.5,0.0,175.5,43.875
Basket,1,195.0,-19.5,0.0,175.5,175.5
Art & Sculpture,1,195.0,-19.5,0.0,175.5,175.5
Jewelry,4,180.0,-4.6,0.0,175.4,43.85
Basket,1,175.0,0.0,0.0,175.0,175.0
Basket,1,175.0,0.0,0.0,175.0,175.0
Basket,1,175.0,0.0,0.0,175.0,175.0
Basket,1,175.0,0.0,0.0,175.0,175.0
One-of-a-Kind,1,175.0,0.0,0.0,175.0,175.0
Basket,1,175.0,0.0,0.0,175.0,175.0
Basket,1,175.0,0.0,0.0,175.0,175.0
Basket,1,175.0,0.0,0.0,175.0,175.0
Basket,1,175.0,0.0,0.0,175.0,175.0
Basket,1,175.0,0.0,0.0,175.0,175.0
Basket,1,175.0,0.0,0.0,175.0,175.0
Basket,1,175.0,0.0,0.0,175.0,175.0
Basket,1,175.0,0.0,0.0,175.0,175.0
Basket,1,175.0,0.0,0.0,175.0,175.0
Basket,1,175.0,0.0,0.0,175.0,175.0
Basket,1,175.0,0.0,0.0,175.0,175.0
Basket,1,175.0,0.0,0.0,175.0,175.0
Basket,1,175.0,0.0,0.0,175.0,175.0
Basket,1,175.0,0.0,0.0,175.0,175.0
Basket,1,175.0,0.0,0.0,175.0,175.0
Christmas,10,180.0,-5.4,0.0,174.6,17.46
Home Decor,3,179.2,-5.12,0.0,174.08,58.02666666666667
Music,3,174.0,0.0,0.0,174.0,58.0
Basket,3,174.0,0.0,0.0,174.0,58.0
Jewelry,3,174.0,0.0,0.0,174.0,58.0
Basket,3,174.0,0.0,0.0,174.0,58.0
Home Decor,3,186.0,-12.4,0.0,173.6,57.86666666666667
Art & Sculpture,5,180.0,-7.2,0.0,172.8,34.56
Art & Sculpture,3,184.0,-11.6,0.0,172.4,57.46666666666667
Art & Sculpture,4,172.0,0.0,0.0,172.0,43.0
Art & Sculpture,8,176.0,-4.4,0.0,171.6,21.45
Home Decor,4,176.0,-4.4,0.0,171.6,42.9
Basket,4,176.0,-4.4,0.0,171.6,42.9
Kitchen,16,172.5,-1.05,0.0,171.45,10.715625
Basket,5,170.0,0.0,0.0,170.0,34.0
Christmas,5,170.0,0.0,0.0,170.0,34.0
Kitchen,15,171.0,-1.05,0.0,169.95,11.33
Jewelry,8,176.0,-6.6,0.0,169.4,21.175
Kitchen,16,175.5,-7.12,0.0,168.38,10.52375
Home Decor,3,174.0,-5.8,0.0,168.2,56.06666666666666
Furniture,3,174.0,-5.8,0.0,168.2,56.06666666666666
Accessories,3,174.0,-5.81,0.0,168.19,56.06333333333333
Basket,4,168.0,0.0,0.0,168.0,42.0
Soapstone,7,168.0,0.0,0.0,168.0,24.0
Art & Sculpture,4,168.0,0.0,0.0,168.0,42.0
Art & Sculpture,4,182.0,-14.4,0.0,167.6,41.9
Kitchen,14,172.0,-4.8,0.0,167.2,11.942857142857141
Kids,5,170.0,-3.4,0.0,166.6,33.32
Home Decor,4,166.6,0.0,0.0,166.6,41.65
Basket,1,185.0,-18.5,0.0,166.5,166.5
Basket,1,185.0,-18.5,0.0,166.5,166.5
Basket,1,185.0,-18.5,0.0,166.5,166.5
Basket,1,185.0,-18.5,0.0,166.5,166.5
Basket,1,185.0,-18.5,0.0,166.5,166.5
Basket,1,185.0,-18.5,0.0,166.5,166.5
Basket,1,185.0,-18.5,0.0,166.5,166.5
Basket,1,185.0,-18.5,0.0,166.5,166.5
Basket,1,185.0,-18.5,0.0,166.5,166.5
Basket,1,185.0,-18.5,0.0,166.5,166.5
Basket,1,185.0,-18.5,0.0,166.5,166.5
Basket,1,185.0,-18.5,0.0,166.5,166.5
Art & Sculpture,4,166.0,0.0,0.0,166.0,41.5
Basket,2,182.0,-16.23,0.0,165.77,82.885
Art & Sculpture,1,165.0,0.0,0.0,165.0,165.0
Basket,1,165.0,0.0,0.0,165.0,165.0
Basket,1,165.0,0.0,0.0,165.0,165.0
One-of-a-Kind,1,165.0,0.0,0.0,165.0,165.0
Basket,1,165.0,0.0,0.0,165.0,165.0
Basket,5,206.0,-7.2,-34.0,164.8,32.96
Basket,3,164.0,0.0,0.0,164.0,54.666666666666664
Textiles,8,164.0,0.0,0.0,164.0,20.5
Art & Sculpture,2,163.0,0.0,0.0,163.0,81.5
Art & Sculpture,6,162.0,0.0,0.0,162.0,27.0
Art & Sculpture,3,162.0,0.0,0.0,162.0,54.0
Basket,10,160.0,0.0,0.0,160.0,16.0
Basket,3,160.0,0.0,0.0,160.0,53.333333333333336
Home Decor,2,160.0,0.0,0.0,160.0,80.0
Basket,3,171.0,-11.3,0.0,159.7,53.23333333333333
Christmas,6,168.0,-8.4,0.0,159.6,26.599999999999998
Basket,6,170.0,-11.6,0.0,158.4,26.400000000000002
Basket,3,163.0,-4.8,0.0,158.2,52.73333333333333
,1,158.0,0.0,0.0,158.0,158.0
Basket,5,172.0,-14.0,0.0,158.0,31.6
Basket,1,175.0,-17.49,0.0,157.51,157.51
Basket,1,175.0,-17.5,0.0,157.5,157.5
Basket,1,175.0,-17.5,0.0,157.5,157.5
Basket,1,175.0,-17.5,0.0,157.5,157.5
Basket,1,175.0,-17.5,0.0,157.5,157.5
Basket,1,175.0,-17.5,0.0,157.5,157.5
Basket,1,175.0,-17.5,0.0,157.5,157.5
Art & Sculpture,4,157.0,0.0,0.0,157.0,39.25
Basket,1,174.0,-17.4,0.0,156.6,156.6
Home Decor,3,162.0,-5.4,0.0,156.6,52.199999999999996
Basket,3,174.0,-17.4,0.0,156.6,52.199999999999996
Jewelry,2,156.0,0.0,0.0,156.0,78.0
Home Decor,3,180.0,-24.0,0.0,156.0,52.0
Kitchen,13,156.0,0.0,0.0,156.0,12.0
Home Decor,2,156.0,0.0,0.0,156.0,78.0
Home Decor,1,155.0,0.0,0.0,155.0,155.0
Basket,1,155.0,0.0,0.0,155.0,155.0
Art & Sculpture,9,162.0,-7.21,0.0,154.79,17.198888888888888
Art & Sculpture,5,160.0,-6.4,0.0,153.6,30.72
Art & Sculpture,10,153.2,0.0,0.0,153.2,15.319999999999999
Jewelry,4,156.0,-3.81,0.0,152.19,38.0475
Art & Sculpture,4,152.0,0.0,0.0,152.0,38.0
Art & Sculpture,4,152.0,0.0,0.0,152.0,38.0
Basket,3,152.0,0.0,0.0,152.0,50.666666666666664
Jewelry,7,154.0,-2.2,0.0,151.8,21.685714285714287
Art & Sculpture,7,154.0,-2.2,0.0,151.8,21.685714285714287
Art & Sculpture,4,151.4,0.0,0.0,151.4,37.85
Art & Sculpture,2,168.0,-16.8,0.0,151.2,75.6
Basket,3,156.0,-5.2,0.0,150.8,50.26666666666667
Art & Sculpture,4,158.8,-8.38,0.0,150.42,37.605
Art & Sculpture,1,150.0,0.0,0.0,150.0,150.0
Art & Sculpture,4,150.0,0.0,0.0,150.0,37.5
Soapstone,7,154.0,-4.4,0.0,149.6,21.37142857142857
Basket,1,165.0,-16.5,0.0,148.5,148.5
Basket,1,165.0,-16.5,0.0,148.5,148.5
Basket,1,165.0,-16.5,0.0,148.5,148.5
Basket,1,165.0,-16.5,0.0,148.5,148.5
Kids,3,158.0,-9.6,0.0,148.4,49.46666666666667
Basket,4,152.0,-3.8,0.0,148.2,37.05
Home Decor,4,152.0,-3.8,0.0,148.2,37.05
Basket,3,148.0,0.0,0.0,148.0,49.333333333333336
Basket,1,185.0,-37.0,0.0,148.0,148.0
Basket,2,148.0,0.0,0.0,148.0,74.0
Art & Sculpture,1,185.0,-37.0,0.0,148.0,148.0
Basket,1,185.0,-37.0,0.0,148.0,148.0
Kitchen,15,159.0,-11.54,0.0,147.46,9.830666666666668
Basket,4,192.0,-7.79,-38.0,146.21,36.5525
Basket,1,145.0,0.0,0.0,145.0,145.0
Basket,1,145.0,0.0,0.0,145.0,145.0
Basket,1,145.0,0.0,0.0,145.0,145.0
Basket,1,145.0,0.0,0.0,145.0,145.0
Basket,1,145.0,0.0,0.0,145.0,145.0
Basket,1,145.0,0.0,0.0,145.0,145.0
Basket,1,145.0,0.0,0.0,145.0,145.0
Basket,1,145.0,0.0,0.0,145.0,145.0
Basket,1,145.0,0.0,0.0,145.0,145.0
Basket,1,145.0,0.0,0.0,145.0,145.0
Basket,1,145.0,0.0,0.0,145.0,145.0
Basket,1,145.0,0.0,0.0,145.0,145.0
Art & Sculpture,1,145.0,0.0,0.0,145.0,145.0
Basket,1,145.0,0.0,0.0,145.0,145.0
Basket,1,145.0,0.0,0.0,145.0,145.0
Basket,1,145.0,0.0,0.0,145.0,145.0
Basket,1,145.0,0.0,0.0,145.0,145.0
Basket,1,145.0,0.0,0.0,145.0,145.0
Basket,1,145.0,0.0,0.0,145.0,145.0
Basket,1,145.0,0.0,0.0,145.0,145.0
Basket,1,145.0,0.0,0.0,145.0,145.0
Basket,1,145.0,0.0,0.0,145.0,145.0
Basket,1,145.0,0.0,0.0,145.0,145.0
Basket,1,145.0,0.0,0.0,145.0,145.0
Basket,1,145.0,0.0,0.0,145.0,145.0
Basket,1,145.0,0.0,0.0,145.0,145.0
Basket,1,145.0,0.0,0.0,145.0,145.0
Jewelry,4,152.0,-7.6,0.0,144.4,36.1
Kids,3,144.0,0.0,0.0,144.0,48.0
Basket,2,144.0,0.0,0.0,144.0,72.0
Art & Sculpture,2,144.0,0.0,0.0,144.0,72.0
Art & Sculpture,3,144.0,0.0,0.0,144.0,48.0
Art & Sculpture,2,144.0,0.0,0.0,144.0,72.0
Kitchen,13,148.5,-5.24,0.0,143.26,11.02
Jewelry,6,144.0,-2.39,0.0,141.61,23.60166666666667
Jewelry,6,144.0,-2.4,0.0,141.6,23.599999999999998
Kitchen,4,140.0,0.0,0.0,140.0,35.0
Kitchen,5,140.0,0.0,0.0,140.0,28.0
Jewelry,5,140.0,0.0,0.0,140.0,28.0
Basket,1,145.0,-5.0,0.0,140.0,140.0
Basket,3,144.0,-4.8,0.0,139.2,46.4
Art & Sculpture,3,144.0,-4.8,0.0,139.2,46.4
Basket,3,144.0,-4.8,0.0,139.2,46.4
Basket,3,144.0,-4.8,0.0,139.2,46.4
Art & Sculpture,3,144.0,-4.8,0.0,139.2,46.4
Home Decor,3,144.0,-4.8,0.0,139.2,46.4
Basket,3,144.0,-4.8,0.0,139.2,46.4
Christmas,8,144.0,-5.0,0.0,139.0,17.375
Basket,3,138.0,0.0,0.0,138.0,46.0
Jewelry,5,140.0,-2.8,0.0,137.2,27.439999999999998
Jewelry,5,140.0,-2.8,0.0,137.2,27.439999999999998
Art & Sculpture,2,152.0,-15.2,0.0,136.8,68.4
Basket,4,150.0,-13.68,0.0,136.32,34.08
Soapstone,4,136.0,0.0,0.0,136.0,34.0
Jewelry,2,136.0,0.0,0.0,136.0,68.0
Home Decor,2,136.0,0.0,0.0,136.0,68.0
Art & Sculpture,2,136.0,0.0,0.0,136.0,68.0
Basket,2,136.0,0.0,0.0,136.0,68.0
Art & Sculpture,2,136.0,0.0,0.0,136.0,68.0
Art & Sculpture,2,136.0,0.0,0.0,136.0,68.0
Basket,1,136.0,0.0,0.0,136.0,136.0
Basket,1,136.0,0.0,0.0,136.0,136.0
Art & Sculpture,2,136.0,0.0,0.0,136.0,68.0
Art & Sculpture,2,136.0,0.0,0.0,136.0,68.0
Basket,2,136.0,0.0,0.0,136.0,68.0
Basket,1,136.0,0.0,0.0,136.0,136.0
Basket,3,146.0,-10.2,0.0,135.8,45.26666666666667
Soapstone,5,140.0,-4.79,0.0,135.21,27.042
One-of-a-Kind,1,135.0,0.0,0.0,135.0,135.0
One-of-a-Kind,1,135.0,0.0,0.0,135.0,135.0
Art & Sculpture,3,135.0,0.0,0.0,135.0,45.0
Kitchen,5,140.0,-5.6,0.0,134.4,26.880000000000003
Accessories,3,134.4,0.0,0.0,134.4,44.800000000000004
Christmas,7,140.0,-5.89,0.0,134.11,19.15857142857143
Art & Sculpture,3,134.0,0.0,0.0,134.0,44.666666666666664
Christmas,7,140.0,-6.0,0.0,134.0,19.142857142857142
Home Decor,2,136.0,-3.4,0.0,132.6,66.3
Kids,4,136.0,-3.4,0.0,132.6,33.15
Basket,3,132.0,0.0,0.0,132.0,44.0
Kitchen,11,132.0,0.0,0.0,132.0,12.0
Christmas,6,132.0,0.0,0.0,132.0,22.0
Jewelry,4,134.0,-3.4,0.0,130.6,32.65
Basket,1,145.0,-14.5,0.0,130.5,130.5
Basket,1,145.0,-14.5,0.0,130.5,130.5
Soapstone,3,174.0,0.0,-43.5,130.5,43.5
Basket,1,145.0,-14.5,0.0,130.5,130.5
Basket,1,145.0,-14.5,0.0,130.5,130.5
Basket,1,145.0,-14.5,0.0,130.5,130.5
Home Decor,2,130.0,0.0,0.0,130.0,65.0
Home Decor,2,130.0,0.0,0.0,130.0,65.0
Art & Sculpture,2,130.0,0.0,0.0,130.0,65.0
Basket,2,144.0,-14.4,0.0,129.6,64.8
Furniture,1,144.0,-14.4,0.0,129.6,129.6
Home Decor,2,136.0,-6.8,0.0,129.2,64.6
Basket,2,136.0,-6.8,0.0,129.2,64.6
Home Decor,2,136.0,-6.8,0.0,129.2,64.6
Kitchen,2,136.0,-6.8,0.0,129.2,64.6
Christmas,2,136.0,-6.8,0.0,129.2,64.6
Home Decor,2,128.0,0.0,0.0,128.0,64.0
Christmas,2,128.0,0.0,0.0,128.0,64.0
Basket,2,256.0,0.0,-128.0,128.0,64.0
Art & Sculpture,1,128.0,0.0,0.0,128.0,128.0
Art & Sculpture,2,128.0,0.0,0.0,128.0,64.0
Art & Sculpture,1,128.0,0.0,0.0,128.0,128.0
,1,128.0,0.0,0.0,128.0,128.0
Basket,3,132.0,-4.4,0.0,127.6,42.53333333333333
Art & Sculpture,5,130.0,-2.6,0.0,127.4,25.48
Home Decor,3,130.0,-3.5,0.0,126.5,42.166666666666664
Christmas,6,126.0,0.0,0.0,126.0,21.0
Soapstone,7,126.0,0.0,0.0,126.0,18.0
Kitchen,7,126.0,0.0,0.0,126.0,18.0
Jewelry,3,126.0,0.0,0.0,126.0,42.0
Basket,1,125.0,0.0,0.0,125.0,125.0
Basket,1,125.0,0.0,0.0,125.0,125.0
Basket,1,125.0,0.0,0.0,125.0,125.0
Basket,1,125.0,0.0,0.0,125.0,125.0
Art & Sculpture,1,125.0,0.0,0.0,125.0,125.0
Basket,1,125.0,0.0,0.0,125.0,125.0
Basket,1,125.0,0.0,0.0,125.0,125.0
Home Decor,3,125.0,0.0,0.0,125.0,41.666666666666664
Basket,1,125.0,0.0,0.0,125.0,125.0
Basket,1,125.0,0.0,0.0,125.0,125.0
Basket,1,125.0,0.0,0.0,125.0,125.0
One-of-a-Kind,1,125.0,0.0,0.0,125.0,125.0
One-of-a-Kind,1,125.0,0.0,0.0,125.0,125.0
Basket,1,125.0,0.0,0.0,125.0,125.0
Art & Sculpture,1,125.0,0.0,0.0,125.0,125.0
Basket,1,125.0,0.0,0.0,125.0,125.0
Basket,1,125.0,0.0,0.0,125.0,125.0
Kitchen,11,132.0,-7.2,0.0,124.8,11.345454545454546
Kids,4,128.0,-3.2,0.0,124.8,31.2
Art & Sculpture,1,156.0,-31.2,0.0,124.8,124.8
Soapstone,7,126.0,-1.8,0.0,124.2,17.742857142857144
Home Decor,2,124.0,0.0,0.0,124.0,62.0
Home Decor,2,189.0,-6.5,-58.5,124.0,62.0
Home Decor,1,124.0,0.0,0.0,124.0,124.0
Art & Sculpture,3,132.0,-8.4,0.0,123.6,41.199999999999996
Kids,4,130.0,-6.8,0.0,123.2,30.8
Basket,3,132.0,-8.8,0.0,123.2,41.06666666666667
Art & Sculpture,3,132.0,-8.8,0.0,123.2,41.06666666666667
Jewelry,2,123.0,0.0,0.0,123.0,61.5
Basket,1,136.0,-13.6,0.0,122.4,122.4
Art & Sculpture,2,136.0,-13.6,0.0,122.4,61.2
Jewelry,3,122.0,0.0,0.0,122.0,40.666666666666664
Jewelry,2,128.0,-6.4,0.0,121.6,60.8
Art & Sculpture,2,128.0,-6.41,0.0,121.59,60.795
One-of-a-Kind,1,135.0,-13.49,0.0,121.51,121.51
One-of-a-Kind,1,135.0,-13.5,0.0,121.5,121.5
Art & Sculpture,7,126.0,-5.4,0.0,120.6,17.228571428571428
Kitchen,7,126.0,-5.4,0.0,120.6,17.228571428571428
Art & Sculpture,6,122.0,-1.8,0.0,120.2,20.033333333333335
Home Decor,2,120.0,0.0,0.0,120.0,60.0
Basket,1,120.0,0.0,0.0,120.0,120.0
Jewelry,2,120.0,0.0,0.0,120.0,60.0
Basket,1,120.0,0.0,0.0,120.0,120.0
Art & Sculpture,1,120.0,0.0,0.0,120.0,120.0
Kitchen,3,120.0,0.0,0.0,120.0,40.0
Art & Sculpture,4,122.0,-3.8,0.0,118.2,29.55
Art & Sculpture,3,126.0,-8.4,0.0,117.6,39.199999999999996
Kitchen,6,117.0,0.0,0.0,117.0,19.5
Furniture,2,130.0,-13.0,0.0,117.0,58.5
Home Decor,2,130.0,-13.0,0.0,117.0,58.5
Basket,3,125.0,-8.7,0.0,116.3,38.766666666666666
Recycled Art,2,116.0,0.0,0.0,116.0,58.0
Basket,1,116.0,0.0,0.0,116.0,116.0
Basket,1,116.0,0.0,0.0,116.0,116.0
Basket,1,116.0,0.0,0.0,116.0,116.0
Recycled Art,2,116.0,0.0,0.0,116.0,58.0
Basket,1,116.0,0.0,0.0,116.0,116.0
Basket,1,116.0,0.0,0.0,116.0,116.0
Jewelry,2,116.0,0.0,0.0,116.0,58.0
Basket,2,116.0,0.0,0.0,116.0,58.0
Accessories,2,116.0,0.0,0.0,116.0,58.0
Basket,1,116.0,0.0,0.0,116.0,116.0
Jewelry,4,136.0,-20.4,0.0,115.6,28.9
Art & Sculpture,2,128.0,-12.8,0.0,115.2,57.6
Basket,1,115.0,0.0,0.0,115.0,115.0
Basket,1,115.0,0.0,0.0,115.0,115.0
Art & Sculpture,1,115.0,0.0,0.0,115.0,115.0
Basket,1,115.0,0.0,0.0,115.0,115.0
Art & Sculpture,3,126.0,-11.14,0.0,114.86,38.28666666666667
Kitchen,10,136.0,-9.6,-12.0,114.4,11.440000000000001
Kitchen,4,120.0,-5.99,0.0,114.01,28.5025
Fair Trade Gifts,12,114.0,0.0,0.0,114.0,9.5
Art & Sculpture,3,114.0,0.0,0.0,114.0,38.0
Fair Trade Gifts,3,114.0,0.0,0.0,114.0,38.0
Furniture,3,114.0,0.0,0.0,114.0,38.0
Art & Sculpture,3,152.0,-3.8,-34.2,114.0,38.0
Basket,2,120.0,-6.8,0.0,113.2,56.6
Basket,1,125.0,-12.5,0.0,112.5,112.5
Basket,1,125.0,-12.5,0.0,112.5,112.5
Basket,1,125.0,-12.5,0.0,112.5,112.5
Kitchen,1,125.0,-12.5,0.0,112.5,112.5
Basket,1,125.0,-12.5,0.0,112.5,112.5
Jewelry,8,112.0,0.0,0.0,112.0,14.0
Basket,2,176.0,-6.4,-57.6,112.0,56.0
Christmas,4,252.0,0.0,-140.0,112.0,28.0
Jewelry,4,112.0,0.0,0.0,112.0,28.0
Kitchen,4,112.0,0.0,0.0,112.0,28.0
Accessories,5,116.0,-4.41,0.0,111.59,22.318
Art & Sculpture,3,115.0,-3.5,0.0,111.5,37.166666666666664
Music,7,112.0,-1.6,0.0,110.4,15.771428571428572
Home Decor,3,114.0,-3.8,0.0,110.2,36.733333333333334
Jewelry,3,114.0,-3.8,0.0,110.2,36.733333333333334
Art & Sculpture,3,114.0,-3.8,0.0,110.2,36.733333333333334
Home Decor,2,116.0,-5.8,0.0,110.2,55.1
Basket,3,114.0,-3.8,0.0,110.2,36.733333333333334
Jewelry,2,116.0,-5.8,0.0,110.2,55.1
Recycled Art,2,116.0,-5.8,0.0,110.2,55.1
Basket,1,110.0,0.0,0.0,110.0,110.0
Basket,1,110.0,0.0,0.0,110.0,110.0
Basket,1,110.0,0.0,0.0,110.0,110.0
Basket,1,110.0,0.0,0.0,110.0,110.0
Basket,1,110.0,0.0,0.0,110.0,110.0
Basket,1,110.0,0.0,0.0,110.0,110.0
Basket,1,115.0,-5.0,0.0,110.0,110.0
Basket,1,110.0,0.0,0.0,110.0,110.0
Basket,1,220.0,0.0,-110.0,110.0,110.0
Furniture,1,110.0,0.0,0.0,110.0,110.0
Soapstone,7,110.0,0.0,0.0,110.0,15.714285714285714
Basket,1,110.0,0.0,0.0,110.0,110.0
Basket,4,112.0,-2.8,0.0,109.2,27.3
Basket,4,112.0,-2.8,0.0,109.2,27.3
Soapstone,8,112.0,-4.2,0.0,107.8,13.475
Home Decor,5,112.5,-4.82,0.0,107.68,21.536
Kitchen,9,112.0,-4.8,0.0,107.2,11.911111111111111
Kitchen,4,112.0,-5.6,0.0,106.4,26.6
Christmas,3,114.0,-7.6,0.0,106.4,35.46666666666667
Jewelry,8,168.0,-5.62,-56.0,106.38,13.2975
Basket,1,125.0,-18.75,0.0,106.25,106.25
Kitchen,3,106.0,0.0,0.0,106.0,35.333333333333336
Christmas,6,110.0,-4.5,0.0,105.5,17.583333333333332
Basket,1,116.0,-11.6,0.0,104.4,104.4
Basket,1,116.0,-11.6,0.0,104.4,104.4
Christmas,4,108.0,-3.6,0.0,104.4,26.1
Basket,1,116.0,-11.6,0.0,104.4,104.4
Christmas,3,108.0,-3.6,0.0,104.4,34.800000000000004
Basket,1,116.0,-11.6,0.0,104.4,104.4
Basket,1,115.0,-11.5,0.0,103.5,103.5
Basket,1,115.0,-11.5,0.0,103.5,103.5
Basket,1,115.0,-11.5,0.0,103.5,103.5
Basket,1,115.0,-11.5,0.0,103.5,103.5
Kitchen,1,115.0,-11.5,0.0,103.5,103.5
Accessories,1,114.0,-11.4,0.0,102.6,102.6
Accessories,1,114.0,-11.4,0.0,102.6,102.6
Kitchen,10,106.5,-4.19,0.0,102.31,10.231
Jewelry,3,102.0,0.0,0.0,102.0,34.0
Textiles,2,120.0,-18.0,0.0,102.0,51.0
Jewelry,3,104.5,-2.85,0.0,101.65,33.88333333333333
Kitchen,9,103.5,-3.15,0.0,100.35,11.149999999999999
Home Decor,2,100.0,0.0,0.0,100.0,50.0
Art & Sculpture,3,108.0,-8.0,0.0,100.0,33.333333333333336
Kitchen,8,100.0,0.0,0.0,100.0,12.5
Recycled Art,1,110.0,-11.0,0.0,99.0,99.0
Basket,1,110.0,-11.0,0.0,99.0,99.0
Art & Sculpture,3,99.0,0.0,0.0,99.0,33.0
Basket,1,110.0,-11.0,0.0,99.0,99.0
Music,1,220.0,-11.0,-110.0,99.0,99.0
Recycled Art,1,110.0,-11.0,0.0,99.0,99.0
Basket,1,110.0,-11.0,0.0,99.0,99.0
Home Decor,3,114.0,-15.2,0.0,98.8,32.93333333333333
Kids,3,102.0,-3.2,0.0,98.8,32.93333333333333
Basket,3,190.0,-15.2,-76.0,98.8,32.93333333333333
Basket,3,102.0,-3.4,0.0,98.6,32.86666666666667
Kitchen,3,102.0,-3.41,0.0,98.59,32.86333333333334
Accessories,1,98.0,0.0,0.0,98.0,98.0
Jewelry,7,98.0,0.0,0.0,98.0,14.0
Accessories,1,98.0,0.0,0.0,98.0,98.0
Basket,4,146.0,-20.8,-28.0,97.2,24.3
Jewelry,3,102.0,-5.0,0.0,97.0,32.333333333333336
Kids,3,102.0,-5.09,0.0,96.91,32.303333333333335
Kitchen,9,97.5,-1.05,0.0,96.45,10.716666666666667
Art & Sculpture,3,96.0,0.0,0.0,96.0,32.0
Jewelry,2,96.0,0.0,0.0,96.0,48.0
Basket,1,96.0,0.0,0.0,96.0,96.0
Basket,2,96.0,0.0,0.0,96.0,48.0
Basket,2,96.0,0.0,0.0,96.0,48.0
Basket,2,96.0,0.0,0.0,96.0,48.0
Basket,1,96.0,0.0,0.0,96.0,96.0
Christmas,4,96.0,0.0,0.0,96.0,24.0
Jewelry,2,96.0,0.0,0.0,96.0,48.0
Furniture,2,96.0,0.0,0.0,96.0,48.0
Accessories,2,96.0,0.0,0.0,96.0,48.0
Home Decor,2,96.0,0.0,0.0,96.0,48.0
Basket,2,96.0,0.0,0.0,96.0,48.0
Art & Sculpture,2,96.0,0.0,0.0,96.0,48.0
Basket,1,96.0,0.0,0.0,96.0,96.0
Art & Sculpture,4,96.0,0.0,0.0,96.0,24.0
Basket,2,96.0,0.0,0.0,96.0,48.0
Art & Sculpture,3,96.0,0.0,0.0,96.0,32.0
Basket,2,96.0,0.0,0.0,96.0,48.0
Jewelry,3,96.0,0.0,0.0,96.0,32.0
Art & Sculpture,2,96.0,0.0,0.0,96.0,48.0
Kids,3,102.0,-6.8,0.0,95.2,31.733333333333334
Jewelry,3,102.0,-6.8,0.0,95.2,31.733333333333334
Basket,2,112.0,-16.8,0.0,95.2,47.6
Kitchen,10,105.0,-9.95,0.0,95.05,9.504999999999999
Art & Sculpture,1,95.0,0.0,0.0,95.0,95.0
Art & Sculpture,1,95.0,0.0,0.0,95.0,95.0
Basket,1,94.0,0.0,0.0,94.0,94.0
Basket,1,94.0,0.0,0.0,94.0,94.0
Art & Sculpture,3,96.0,-3.2,0.0,92.8,30.933333333333334
Basket,2,92.0,0.0,0.0,92.0,46.0
Home Decor,1,92.0,0.0,0.0,92.0,92.0
Basket,2,92.0,0.0,0.0,92.0,46.0
Basket,2,92.0,0.0,0.0,92.0,46.0
Kitchen,7,92.0,0.0,0.0,92.0,13.142857142857142
Soapstone,5,94.0,-2.2,0.0,91.8,18.36
Jewelry,3,102.0,-10.21,0.0,91.79,30.596666666666668
Basket,2,96.0,-4.79,0.0,91.21,45.605
Art & Sculpture,2,96.0,-4.8,0.0,91.2,45.6
Basket,2,96.0,-4.8,0.0,91.2,45.6
Jewelry,4,96.0,-4.81,0.0,91.19,22.7975
Skin Care,5,92.5,-1.85,0.0,90.65,18.130000000000003
Kitchen,8,100.0,-9.6,0.0,90.4,11.3
Christmas,5,90.0,0.0,0.0,90.0,18.0
Art & Sculpture,2,90.0,0.0,0.0,90.0,45.0
Furniture,2,90.0,0.0,0.0,90.0,45.0
Art & Sculpture,2,132.0,-4.88,-37.12,90.0,45.0
Art & Sculpture,2,90.0,0.0,0.0,90.0,45.0
Soapstone,5,90.0,0.0,0.0,90.0,18.0
Art & Sculpture,2,90.0,0.0,0.0,90.0,45.0
Fair Trade Gifts,3,90.0,0.0,0.0,90.0,30.0
Basket,1,90.0,0.0,0.0,90.0,90.0
Kids,5,90.0,0.0,0.0,90.0,18.0
Kitchen,5,90.0,0.0,0.0,90.0,18.0
Art & Sculpture,2,90.0,0.0,0.0,90.0,45.0
Basket,3,90.0,0.0,0.0,90.0,30.0
Recycled Art,3,96.0,-6.4,0.0,89.6,29.866666666666664
Art & Sculpture,1,112.0,-22.4,0.0,89.6,89.6
Basket,3,96.0,-6.4,0.0,89.6,29.866666666666664
Art & Sculpture,1,99.0,-9.9,0.0,89.1,89.1
Art & Sculpture,5,90.0,-1.8,0.0,88.2,17.64
Accessories,1,98.0,-9.8,0.0,88.2,88.2
Art & Sculpture,1,98.0,-9.8,0.0,88.2,88.2
Kitchen,5,90.0,-1.8,0.0,88.2,17.64
Art & Sculpture,2,132.0,0.0,-44.0,88.0,44.0
Art & Sculpture,1,88.0,0.0,0.0,88.0,88.0
Basket,2,88.0,0.0,0.0,88.0,44.0
Basket,1,88.0,0.0,0.0,88.0,88.0
Home Decor,1,88.0,0.0,0.0,88.0,88.0
Accessories,1,88.0,0.0,0.0,88.0,88.0
Home Decor,1,88.0,0.0,0.0,88.0,88.0
Kitchen,1,88.0,0.0,0.0,88.0,88.0
Basket,2,88.0,0.0,0.0,88.0,44.0
Textiles,2,88.0,0.0,0.0,88.0,44.0
Basket,1,88.0,0.0,0.0,88.0,88.0
Jewelry,4,88.0,0.0,0.0,88.0,22.0
Kitchen,8,108.0,-9.6,-10.8,87.6,10.95
Art & Sculpture,2,90.0,-2.5,0.0,87.5,43.75
Basket,2,92.0,-4.6,0.0,87.4,43.7
Furniture,2,92.0,-4.8,0.0,87.2,43.6
Soapstone,2,87.0,0.0,0.0,87.0,43.5
Art & Sculpture,4,91.0,-4.7,0.0,86.3,21.575
Christmas,2,96.0,-9.8,0.0,86.2,43.1
Kitchen,2,86.0,0.0,0.0,86.0,43.0
Basket,2,86.0,0.0,0.0,86.0,43.0
Christmas,4,88.0,-2.19,0.0,85.81,21.4525
Art & Sculpture,2,90.0,-4.5,0.0,85.5,42.75
Basket,1,95.0,-9.5,0.0,85.5,85.5
Jewelry,3,102.0,-16.99,0.0,85.01,28.33666666666667
Home Decor,1,85.0,0.0,0.0,85.0,85.0
Home Decor,1,85.0,0.0,0.0,85.0,85.0
Jewelry,3,84.0,0.0,0.0,84.0,28.0
Home Decor,3,84.0,0.0,0.0,84.0,28.0
Jewelry,6,84.0,0.0,0.0,84.0,14.0
Basket,2,84.0,0.0,0.0,84.0,42.0
Basket,2,84.0,0.0,0.0,84.0,42.0
Home Decor,2,84.0,0.0,0.0,84.0,42.0
Home Decor,3,84.0,0.0,0.0,84.0,28.0
Kitchen,3,84.0,0.0,0.0,84.0,28.0
Basket,3,84.0,0.0,0.0,84.0,28.0
Textiles,3,84.0,0.0,0.0,84.0,28.0
Art & Sculpture,3,84.0,0.0,0.0,84.0,28.0
Christmas,3,84.0,0.0,0.0,84.0,28.0
Jewelry,6,84.0,0.0,0.0,84.0,14.0
Basket,2,88.0,-4.4,0.0,83.6,41.8
Kitchen,2,88.0,-4.4,0.0,83.6,41.8
Jewelry,2,88.0,-4.4,0.0,83.6,41.8
Textiles,4,88.0,-4.4,0.0,83.6,20.9
Kitchen,2,88.0,-4.4,0.0,83.6,41.8
Basket,2,88.0,-4.4,0.0,83.6,41.8
Kitchen,8,87.0,-4.19,0.0,82.81,10.35125
Home Decor,1,82.0,0.0,0.0,82.0,82.0
Home Decor,1,82.0,0.0,0.0,82.0,82.0
Kids,2,96.0,-14.4,0.0,81.6,40.8
Basket,3,84.0,-2.79,0.0,81.21,27.069999999999997
Art & Sculpture,3,84.0,-2.79,0.0,81.21,27.069999999999997
Kitchen,3,84.0,-2.8,0.0,81.2,27.066666666666666
Kitchen,3,84.0,-2.8,0.0,81.2,27.066666666666666
Jewelry,3,84.0,-2.8,0.0,81.2,27.066666666666666
Kitchen,3,84.0,-2.8,0.0,81.2,27.066666666666666
Soapstone,3,84.0,-2.8,0.0,81.2,27.066666666666666
Kitchen,3,84.0,-2.8,0.0,81.2,27.066666666666666
Jewelry,3,84.0,-2.8,0.0,81.2,27.066666666666666
Accessories,3,90.0,-9.0,0.0,81.0,27.0
Home Decor,2,90.0,-9.01,0.0,80.99,40.495
Kitchen,7,84.0,-3.6,0.0,80.4,11.485714285714286
Soapstone,4,84.0,-3.61,0.0,80.39,20.0975
Art & Sculpture,2,80.0,0.0,0.0,80.0,40.0
Jewelry,2,80.0,0.0,0.0,80.0,40.0
Basket,2,84.0,-4.2,0.0,79.8,39.9
Basket,2,126.0,-4.2,-42.0,79.8,39.9
Art & Sculpture,3,82.0,-2.2,0.0,79.8,26.599999999999998
Basket,2,88.0,-8.8,0.0,79.2,39.6
Home Decor,1,88.0,-8.8,0.0,79.2,79.2
Art & Sculpture,1,88.0,-8.8,0.0,79.2,79.2
Basket,1,88.0,-8.8,0.0,79.2,79.2
Basket,2,78.4,0.0,0.0,78.4,39.2
Fair Trade Gifts,1,78.0,0.0,0.0,78.0,78.0
Jewelry,2,78.0,0.0,0.0,78.0,39.0
Basket,1,78.0,0.0,0.0,78.0,78.0
Basket,2,86.0,-8.4,0.0,77.6,38.8
Basket,3,86.0,-8.43,0.0,77.57,25.856666666666666
Kitchen,3,80.0,-2.8,0.0,77.2,25.733333333333334
Kitchen,7,76.5,0.0,0.0,76.5,10.928571428571429
Kitchen,4,80.0,-4.0,0.0,76.0,19.0
Kitchen,1,76.0,0.0,0.0,76.0,76.0
Jewelry,2,76.0,0.0,0.0,76.0,38.0
Jewelry,2,76.0,0.0,0.0,76.0,38.0
Art & Sculpture,2,76.0,0.0,0.0,76.0,38.0
Art & Sculpture,2,76.0,0.0,0.0,76.0,38.0
Furniture,2,76.0,0.0,0.0,76.0,38.0
Jewelry,2,76.0,0.0,0.0,76.0,38.0
Kitchen,1,76.0,0.0,0.0,76.0,76.0
Jewelry,2,76.0,0.0,0.0,76.0,38.0
Kitchen,1,76.0,0.0,0.0,76.0,76.0
Jewelry,2,76.0,0.0,0.0,76.0,38.0
Basket,3,84.0,-8.41,0.0,75.59,25.19666666666667
,1,75.0,0.0,0.0,75.0,75.0
Christmas,1,75.0,0.0,0.0,75.0,75.0
,1,75.0,0.0,0.0,75.0,75.0
Art & Sculpture,1,75.0,0.0,0.0,75.0,75.0
Basket,3,114.0,-11.6,-28.0,74.4,24.8
Music,4,80.0,-6.0,0.0,74.0,18.5
Art & Sculpture,2,74.0,0.0,0.0,74.0,37.0
Art & Sculpture,5,76.0,-2.0,0.0,74.0,14.8
Basket,1,74.0,0.0,0.0,74.0,74.0
Soapstone,3,74.0,0.0,0.0,74.0,24.666666666666668
Music,5,74.0,0.0,0.0,74.0,14.8
Recycled Art,2,76.8,-3.48,0.0,73.32,36.66
Kitchen,7,76.5,-3.67,0.0,72.83,10.404285714285715
Basket,2,76.0,-3.8,0.0,72.2,36.1
Basket,2,76.0,-3.8,0.0,72.2,36.1
Home Decor,2,114.0,-7.6,-34.2,72.2,36.1
Home Decor,2,76.0,-3.8,0.0,72.2,36.1
Home Decor,2,76.0,-3.8,0.0,72.2,36.1
Jewelry,2,76.0,-3.8,0.0,72.2,36.1
Soapstone,2,76.0,-3.8,0.0,72.2,36.1
Skin Care,4,74.0,-1.85,0.0,72.15,18.0375
Jewelry,1,72.0,0.0,0.0,72.0,72.0
Fair Trade Gifts,4,72.0,0.0,0.0,72.0,18.0
Christmas,4,72.0,0.0,0.0,72.0,18.0
Textiles,2,80.0,-8.0,0.0,72.0,36.0
Kitchen,3,72.0,0.0,0.0,72.0,24.0
Art & Sculpture,3,72.0,0.0,0.0,72.0,24.0
Kids,3,72.0,0.0,0.0,72.0,24.0
Basket,2,80.0,-8.0,0.0,72.0,36.0
Art & Sculpture,1,72.0,0.0,0.0,72.0,72.0
Home Decor,2,72.0,0.0,0.0,72.0,36.0
Kitchen,6,72.0,-1.2,0.0,70.8,11.799999999999999
Skin Care,4,74.0,-3.7,0.0,70.3,17.575
Textiles,2,134.0,-5.7,-58.0,70.3,35.15
Christmas,5,70.0,0.0,0.0,70.0,14.0
Kitchen,4,80.0,-10.0,0.0,70.0,17.5
Soapstone,3,70.0,0.0,0.0,70.0,23.333333333333332
Art & Sculpture,2,70.0,0.0,0.0,70.0,35.0
Kitchen,1,70.0,0.0,0.0,70.0,70.0
Basket,3,72.0,-2.4,0.0,69.6,23.2
Jewelry,3,72.0,-2.4,0.0,69.6,23.2
Fair Trade Gifts,3,72.0,-2.4,0.0,69.6,23.2
Christmas,3,72.0,-2.41,0.0,69.59,23.19666666666667
Art & Sculpture,2,72.0,-2.8,0.0,69.2,34.6
Art & Sculpture,2,73.1,-4.08,0.0,69.02,34.51
Textiles,2,76.0,-7.6,0.0,68.4,34.2
Textiles,2,76.0,-7.6,0.0,68.4,34.2
Home Decor,2,76.0,-7.6,0.0,68.4,34.2
Basket,2,72.0,-3.61,0.0,68.39,34.195
Jewelry,4,72.0,-3.61,0.0,68.39,17.0975
Music,1,68.0,0.0,0.0,68.0,68.0
Basket,1,68.0,0.0,0.0,68.0,68.0
Recycled Art,2,68.0,0.0,0.0,68.0,34.0
Art & Sculpture,1,68.0,0.0,0.0,68.0,68.0
Art & Sculpture,1,68.0,0.0,0.0,68.0,68.0
Jewelry,1,68.0,0.0,0.0,68.0,68.0
Basket,1,68.0,0.0,0.0,68.0,68.0
Art & Sculpture,1,68.0,0.0,0.0,68.0,68.0
Basket,2,68.0,0.0,0.0,68.0,34.0
Home Decor,1,68.0,0.0,0.0,68.0,68.0
Basket,1,68.0,0.0,0.0,68.0,68.0
Basket,1,68.0,0.0,0.0,68.0,68.0
Kids,2,68.0,0.0,0.0,68.0,34.0
Basket,2,68.0,0.0,0.0,68.0,34.0
Jewelry,1,68.0,0.0,0.0,68.0,68.0
Home Decor,1,68.0,0.0,0.0,68.0,68.0
Basket,1,68.0,0.0,0.0,68.0,68.0
Basket,1,68.0,0.0,0.0,68.0,68.0
Basket,1,68.0,0.0,0.0,68.0,68.0
Home Decor,1,68.0,0.0,0.0,68.0,68.0
Jewelry,2,68.0,0.0,0.0,68.0,34.0
Basket,1,68.0,0.0,0.0,68.0,68.0
Basket,1,68.0,0.0,0.0,68.0,68.0
Jewelry,2,68.0,0.0,0.0,68.0,34.0
Basket,1,68.0,0.0,0.0,68.0,68.0
Accessories,1,68.0,0.0,0.0,68.0,68.0
Home Decor,2,75.4,-7.54,0.0,67.86,33.93
Kids,4,67.5,0.0,0.0,67.5,16.875
Basket,1,74.0,-7.4,0.0,66.6,66.6
Kitchen,4,72.0,-5.4,0.0,66.6,16.65
Basket,2,104.0,-3.61,-34.0,66.39,33.195
Christmas,3,66.0,0.0,0.0,66.0,22.0
Fair Trade Gifts,3,66.0,0.0,0.0,66.0,22.0
Art & Sculpture,3,66.0,0.0,0.0,66.0,22.0
Art & Sculpture,3,66.0,0.0,0.0,66.0,22.0
Kids,3,66.0,0.0,0.0,66.0,22.0
Jewelry,3,66.0,0.0,0.0,66.0,22.0
Art & Sculpture,3,66.0,0.0,0.0,66.0,22.0
Art & Sculpture,2,65.6,0.0,0.0,65.6,32.8
Art & Sculpture,1,82.0,-16.4,0.0,65.6,65.6
Home Decor,1,65.0,0.0,0.0,65.0,65.0
Kids,2,72.0,-7.19,0.0,64.81,32.405
Jewelry,1,72.0,-7.2,0.0,64.8,64.8
Kitchen,6,72.0,-7.2,0.0,64.8,10.799999999999999
Jewelry,2,76.0,-11.4,0.0,64.6,32.3
Kitchen,2,68.0,-3.4,0.0,64.6,32.3
Jewelry,2,68.0,-3.4,0.0,64.6,32.3
Jewelry,2,68.0,-3.4,0.0,64.6,32.3
Home Decor,2,76.0,-11.4,0.0,64.6,32.3
Kitchen,2,68.0,-3.4,0.0,64.6,32.3
Jewelry,2,68.0,-3.4,0.0,64.6,32.3
Art & Sculpture,2,64.0,0.0,0.0,64.0,32.0
Art & Sculpture,2,64.0,0.0,0.0,64.0,32.0
Jewelry,2,64.0,0.0,0.0,64.0,32.0
Home Decor,1,64.0,0.0,0.0,64.0,64.0
Christmas,3,66.0,-2.2,0.0,63.8,21.266666666666666
Art & Sculpture,3,66.0,-2.2,0.0,63.8,21.266666666666666
Soapstone,2,68.0,-5.1,0.0,62.9,31.45
Basket,2,98.0,-3.4,-32.0,62.6,31.3
Christmas,3,65.0,-2.5,0.0,62.5,20.833333333333332
Jewelry,1,62.0,0.0,0.0,62.0,62.0
Home Decor,1,62.0,0.0,0.0,62.0,62.0
Jewelry,2,62.0,0.0,0.0,62.0,31.0
Basket,1,62.0,0.0,0.0,62.0,62.0
Christmas,3,66.0,-4.4,0.0,61.6,20.533333333333335
Kitchen,1,68.0,-6.8,0.0,61.2,61.2
Basket,1,68.0,-6.8,0.0,61.2,61.2
Kids,2,68.0,-6.8,0.0,61.2,30.6
Home Decor,1,68.0,-6.8,0.0,61.2,61.2
Home Decor,1,68.0,-6.8,0.0,61.2,61.2
Jewelry,2,68.0,-6.8,0.0,61.2,30.6
Art & Sculpture,1,68.0,-6.8,0.0,61.2,61.2
Soapstone,2,64.0,-3.2,0.0,60.8,30.4
Jewelry,2,64.0,-3.2,0.0,60.8,30.4
Home Decor,2,76.0,-15.2,0.0,60.8,30.4
Home Decor,2,76.0,-15.2,0.0,60.8,30.4
Jewelry,2,64.0,-3.21,0.0,60.79,30.395
Kitchen,6,66.0,-5.24,0.0,60.76,10.126666666666667
Art & Sculpture,3,66.0,-5.5,0.0,60.5,20.166666666666668
Home Decor,1,60.0,0.0,0.0,60.0,60.0
Home Decor,1,120.0,-6.0,-54.0,60.0,60.0
Soapstone,3,60.0,0.0,0.0,60.0,20.0
Fair Trade Gifts,2,60.0,0.0,0.0,60.0,30.0
Basket,1,66.0,-6.6,0.0,59.4,59.4
Art & Sculpture,3,66.0,-6.6,0.0,59.4,19.8
Home Decor,1,74.0,-14.79,0.0,59.21,59.21
Basket,2,62.0,-2.8,0.0,59.2,29.6
Home Decor,1,74.0,-14.8,0.0,59.2,59.2
Home Decor,1,74.0,-14.8,0.0,59.2,59.2
Soapstone,4,64.0,-4.8,0.0,59.2,14.8
Kitchen,3,58.5,0.0,0.0,58.5,19.5
Home Decor,1,58.5,0.0,0.0,58.5,58.5
Jewelry,1,58.0,0.0,0.0,58.0,58.0
Accessories,1,58.0,0.0,0.0,58.0,58.0
Basket,1,58.0,0.0,0.0,58.0,58.0
Accessories,1,58.0,0.0,0.0,58.0,58.0
Jewelry,1,58.0,0.0,0.0,58.0,58.0
Basket,1,58.0,0.0,0.0,58.0,58.0
Basket,1,58.0,0.0,0.0,58.0,58.0
Jewelry,1,58.0,0.0,0.0,58.0,58.0
Jewelry,1,58.0,0.0,0.0,58.0,58.0
Basket,1,58.0,0.0,0.0,58.0,58.0
Basket,1,290.0,0.0,-232.0,58.0,58.0
Accessories,1,58.0,0.0,0.0,58.0,58.0
Home Decor,1,58.0,0.0,0.0,58.0,58.0
Basket,1,58.0,0.0,0.0,58.0,58.0
Accessories,1,58.0,0.0,0.0,58.0,58.0
Kitchen,5,64.0,-6.0,0.0,58.0,11.6
Basket,1,58.0,0.0,0.0,58.0,58.0
Basket,1,58.0,0.0,0.0,58.0,58.0
Basket,1,58.0,0.0,0.0,58.0,58.0
Kitchen,1,58.0,0.0,0.0,58.0,58.0
Basket,1,58.0,0.0,0.0,58.0,58.0
Basket,1,72.0,-14.4,0.0,57.6,57.6
Soapstone,2,60.0,-3.8,0.0,56.2,28.1
Soapstone,3,64.0,-7.8,0.0,56.2,18.733333333333334
Kitchen,2,56.0,0.0,0.0,56.0,28.0
Basket,2,56.0,0.0,0.0,56.0,28.0
Accessories,2,56.0,0.0,0.0,56.0,28.0
Kitchen,2,84.0,0.0,-28.0,56.0,28.0
Art & Sculpture,2,56.0,0.0,0.0,56.0,28.0
Recycled Art,2,56.0,0.0,0.0,56.0,28.0
Kids,3,56.0,0.0,0.0,56.0,18.666666666666668
Kitchen,2,56.0,0.0,0.0,56.0,28.0
Art & Sculpture,2,56.0,0.0,0.0,56.0,28.0
Jewelry,2,56.0,0.0,0.0,56.0,28.0
Jewelry,2,56.0,0.0,0.0,56.0,28.0
Basket,2,56.0,0.0,0.0,56.0,28.0
Basket,2,56.0,0.0,0.0,56.0,28.0
Soapstone,2,56.0,0.0,0.0,56.0,28.0
Jewelry,2,56.0,0.0,0.0,56.0,28.0
Christmas,4,56.0,0.0,0.0,56.0,14.0
Jewelry,2,56.0,0.0,0.0,56.0,28.0
Christmas,2,56.0,0.0,0.0,56.0,28.0
Jewelry,2,56.0,0.0,0.0,56.0,28.0
Kitchen,1,56.0,0.0,0.0,56.0,56.0
Kitchen,2,56.0,0.0,0.0,56.0,28.0
Art & Sculpture,4,56.0,0.0,0.0,56.0,14.0
Kids,2,56.0,0.0,0.0,56.0,28.0
Kitchen,4,56.0,0.0,0.0,56.0,14.0
Kitchen,2,56.0,0.0,0.0,56.0,28.0
Jewelry,2,56.0,0.0,0.0,56.0,28.0
Art & Sculpture,2,56.0,0.0,0.0,56.0,28.0
Jewelry,2,56.0,0.0,0.0,56.0,28.0
Jewelry,2,56.0,0.0,0.0,56.0,28.0
Kitchen,2,56.0,0.0,0.0,56.0,28.0
Skin Care,3,55.5,0.0,0.0,55.5,18.5
Art & Sculpture,3,57.0,-1.9,0.0,55.1,18.366666666666667
Jewelry,4,60.0,-5.0,0.0,55.0,13.75
Basket,3,60.0,-5.0,0.0,55.0,18.333333333333332
Art & Sculpture,1,68.0,-13.6,0.0,54.4,54.4
Basket,1,68.0,-13.6,0.0,54.4,54.4
Basket,1,68.0,-13.6,0.0,54.4,54.4
Art & Sculpture,1,54.0,0.0,0.0,54.0,54.0
Kitchen,3,54.0,0.0,0.0,54.0,18.0
Jewelry,3,54.0,0.0,0.0,54.0,18.0
Soapstone,3,54.0,0.0,0.0,54.0,18.0
Kids,3,54.0,0.0,0.0,54.0,18.0
Jewelry,1,54.0,0.0,0.0,54.0,54.0
Kitchen,3,54.0,0.0,0.0,54.0,18.0
Christmas,3,54.0,0.0,0.0,54.0,18.0
Art & Sculpture,3,54.0,0.0,0.0,54.0,18.0
Kids,2,56.0,-2.8,0.0,53.2,26.6
Kitchen,2,56.0,-2.8,0.0,53.2,26.6
Soapstone,2,56.0,-2.8,0.0,53.2,26.6
Home Decor,2,56.0,-2.8,0.0,53.2,26.6
Art & Sculpture,1,58.0,-5.0,0.0,53.0,53.0
Home Decor,2,78.75,0.0,-26.25,52.5,26.25
Basket,1,58.0,-5.8,0.0,52.2,52.2
Basket,1,58.0,-5.8,0.0,52.2,52.2
Jewelry,3,54.0,-1.8,0.0,52.2,17.400000000000002
Jewelry,3,54.0,-1.8,0.0,52.2,17.400000000000002
Art & Sculpture,3,54.0,-1.8,0.0,52.2,17.400000000000002
Art & Sculpture,1,58.0,-5.81,0.0,52.19,52.19
Jewelry,3,54.0,-1.81,0.0,52.19,17.396666666666665
Basket,2,58.0,-6.0,0.0,52.0,26.0
Art & Sculpture,1,52.0,0.0,0.0,52.0,52.0
Furniture,1,64.0,-12.8,0.0,51.2,51.2
Home Decor,2,56.0,-5.6,0.0,50.4,25.2
Art & Sculpture,1,56.0,-5.6,0.0,50.4,50.4
Art & Sculpture,3,54.0,-3.6,0.0,50.4,16.8
Jewelry,2,56.0,-5.6,0.0,50.4,25.2
Home Decor,1,50.0,0.0,0.0,50.0,50.0
Art & Sculpture,2,50.0,0.0,0.0,50.0,25.0
Soapstone,5,50.0,0.0,0.0,50.0,10.0
Kids,3,49.5,0.0,0.0,49.5,16.5
Kids,3,49.5,0.0,0.0,49.5,16.5
Kitchen,5,52.5,-3.15,0.0,49.35,9.870000000000001
Art & Sculpture,3,49.3,0.0,0.0,49.3,16.433333333333334
Recycled Art,2,49.0,0.0,0.0,49.0,24.5
Basket,1,54.0,-5.4,0.0,48.6,48.6
Basket,1,48.0,0.0,0.0,48.0,48.0
Fair Trade Gifts,1,48.0,0.0,0.0,48.0,48.0
Art & Sculpture,1,48.0,0.0,0.0,48.0,48.0
Music,1,48.0,0.0,0.0,48.0,48.0
Accessories,1,48.0,0.0,0.0,48.0,48.0
Basket,1,48.0,0.0,0.0,48.0,48.0
Art & Sculpture,1,48.0,0.0,0.0,48.0,48.0
Basket,1,48.0,0.0,0.0,48.0,48.0
Jewelry,1,48.0,0.0,0.0,48.0,48.0
Jewelry,2,48.0,0.0,0.0,48.0,24.0
Basket,1,48.0,0.0,0.0,48.0,48.0
Jewelry,1,48.0,0.0,0.0,48.0,48.0
Basket,1,48.0,0.0,0.0,48.0,48.0
Basket,1,48.0,0.0,0.0,48.0,48.0
Home Decor,2,48.0,0.0,0.0,48.0,24.0
Recycled Art,1,48.0,0.0,0.0,48.0,48.0
Jewelry,1,48.0,0.0,0.0,48.0,48.0
Basket,1,48.0,0.0,0.0,48.0,48.0
,1,48.0,0.0,0.0,48.0,48.0
Kitchen,2,48.0,0.0,0.0,48.0,24.0
Basket,1,48.0,0.0,0.0,48.0,48.0
Fair Trade Gifts,4,48.0,0.0,0.0,48.0,12.0
Music,2,48.0,0.0,0.0,48.0,24.0
Jewelry,1,48.0,0.0,0.0,48.0,48.0
Accessories,1,48.0,0.0,0.0,48.0,48.0
Accessories,1,48.0,0.0,0.0,48.0,48.0
Jewelry,2,48.0,0.0,0.0,48.0,24.0
Basket,3,48.0,0.0,0.0,48.0,16.0
Jewelry,1,48.0,0.0,0.0,48.0,48.0
Basket,1,48.0,0.0,0.0,48.0,48.0
Basket,1,48.0,0.0,0.0,48.0,48.0
Art & Sculpture,1,48.0,0.0,0.0,48.0,48.0
Art & Sculpture,1,48.0,0.0,0.0,48.0,48.0
Basket,1,48.0,0.0,0.0,48.0,48.0
Basket,1,48.0,0.0,0.0,48.0,48.0
Music,2,48.0,0.0,0.0,48.0,24.0
Jewelry,1,48.0,0.0,0.0,48.0,48.0
Art & Sculpture,1,48.0,0.0,0.0,48.0,48.0
Art & Sculpture,2,48.0,0.0,0.0,48.0,24.0
Jewelry,1,48.0,0.0,0.0,48.0,48.0
Basket,1,48.0,0.0,0.0,48.0,48.0
Kitchen,1,48.0,0.0,0.0,48.0,48.0
Jewelry,2,48.0,0.0,0.0,48.0,24.0
Basket,1,48.0,0.0,0.0,48.0,48.0
Basket,1,48.0,0.0,0.0,48.0,48.0
Christmas,2,48.0,0.0,0.0,48.0,24.0
Basket,1,48.0,-1.19,0.0,46.81,46.81
Fair Trade Gifts,2,52.0,-5.2,0.0,46.8,23.4
Basket,1,58.0,-11.6,0.0,46.4,46.4
Basket,1,58.0,-11.6,0.0,46.4,46.4
Accessories,1,58.0,-11.6,0.0,46.4,46.4
Furniture,1,46.0,0.0,0.0,46.0,46.0
Soapstone,2,46.0,0.0,0.0,46.0,23.0
Basket,1,46.0,0.0,0.0,46.0,46.0
Textiles,2,48.0,-2.4,0.0,45.6,22.8
Kitchen,2,50.0,-4.57,0.0,45.43,22.715
Art & Sculpture,3,45.0,0.0,0.0,45.0,15.0
Art & Sculpture,1,45.0,0.0,0.0,45.0,45.0
Art & Sculpture,1,45.0,0.0,0.0,45.0,45.0
Home Decor,1,45.0,0.0,0.0,45.0,45.0
Art & Sculpture,1,45.0,0.0,0.0,45.0,45.0
Jewelry,2,56.0,-11.2,0.0,44.8,22.4
Jewelry,2,56.0,-11.2,0.0,44.8,22.4
Music,3,46.0,-1.4,0.0,44.6,14.866666666666667
Basket,1,44.0,0.0,0.0,44.0,44.0
Accessories,1,44.0,0.0,0.0,44.0,44.0
Art & Sculpture,1,44.0,0.0,0.0,44.0,44.0
Art & Sculpture,1,44.0,0.0,0.0,44.0,44.0
Basket,1,44.0,0.0,0.0,44.0,44.0
Accessories,1,44.0,0.0,0.0,44.0,44.0
Basket,1,44.0,0.0,0.0,44.0,44.0
Kids,2,44.0,0.0,0.0,44.0,22.0
Kitchen,1,88.0,0.0,-44.0,44.0,44.0
Music,2,44.0,0.0,0.0,44.0,22.0
Christmas,1,44.0,0.0,0.0,44.0,44.0
Soapstone,2,44.0,0.0,0.0,44.0,22.0
Recycled Art,1,44.0,0.0,0.0,44.0,44.0
Basket,1,44.0,0.0,0.0,44.0,44.0
Art & Sculpture,2,44.0,0.0,0.0,44.0,22.0
Basket,1,44.0,0.0,0.0,44.0,44.0
Kitchen,2,44.0,0.0,0.0,44.0,22.0
Jewelry,2,44.0,0.0,0.0,44.0,22.0
Art & Sculpture,1,44.0,0.0,0.0,44.0,44.0
Art & Sculpture,2,44.0,0.0,0.0,44.0,22.0
Accessories,2,44.0,0.0,0.0,44.0,22.0
Kitchen,2,44.0,0.0,0.0,44.0,22.0
Kids,3,45.0,-1.36,0.0,43.64,14.546666666666667
Basket,1,48.0,-4.8,0.0,43.2,43.2
Art & Sculpture,2,48.0,-4.8,0.0,43.2,21.6
Kitchen,1,48.0,-4.8,0.0,43.2,43.2
Art & Sculpture,3,43.2,0.0,0.0,43.2,14.4
Fair Trade Gifts,1,48.0,-4.8,0.0,43.2,43.2
Basket,1,48.0,-4.8,0.0,43.2,43.2
Kitchen,1,96.0,-4.8,-48.0,43.2,43.2
Basket,1,48.0,-4.8,0.0,43.2,43.2
Jewelry,1,48.0,-4.8,0.0,43.2,43.2
Kitchen,4,48.0,-4.8,0.0,43.2,10.8
Basket,1,44.0,-1.08,0.0,42.92,42.92
Art & Sculpture,1,45.0,-2.5,0.0,42.5,42.5
Home Decor,1,42.0,0.0,0.0,42.0,42.0
Jewelry,1,42.0,0.0,0.0,42.0,42.0
,1,42.0,0.0,0.0,42.0,42.0
Basket,1,42.0,0.0,0.0,42.0,42.0
Kitchen,2,42.0,0.0,0.0,42.0,21.0
Basket,1,42.0,0.0,0.0,42.0,42.0
Art & Sculpture,1,42.0,0.0,0.0,42.0,42.0
Art & Sculpture,2,42.0,0.0,0.0,42.0,21.0
Art & Sculpture,1,42.0,0.0,0.0,42.0,42.0
Christmas,3,42.0,0.0,0.0,42.0,14.0
Jewelry,1,42.0,0.0,0.0,42.0,42.0
Accessories,1,42.0,0.0,0.0,42.0,42.0
Basket,1,42.0,0.0,0.0,42.0,42.0
Art & Sculpture,1,42.0,0.0,0.0,42.0,42.0
Jewelry,3,70.0,0.0,-28.0,42.0,14.0
Art & Sculpture,1,42.0,0.0,0.0,42.0,42.0
Art & Sculpture,2,44.0,-2.2,0.0,41.8,20.9
Art & Sculpture,2,44.0,-2.2,0.0,41.8,20.9
Home Decor,1,41.6,0.0,0.0,41.6,41.6
Basket,1,46.0,-4.6,0.0,41.4,41.4
Basket,1,92.0,-4.6,-46.0,41.4,41.4
Basket,1,46.0,-4.6,0.0,41.4,41.4
Basket,1,46.0,-4.6,0.0,41.4,41.4
Basket,1,46.0,-4.6,0.0,41.4,41.4
Art & Sculpture,1,45.0,-4.49,0.0,40.51,40.51
Art & Sculpture,1,45.0,-4.5,0.0,40.5,40.5
Art & Sculpture,1,45.0,-4.5,0.0,40.5,40.5
Home Decor,1,45.0,-4.51,0.0,40.49,40.49
Home Decor,2,40.0,0.0,0.0,40.0,20.0
Art & Sculpture,2,40.0,0.0,0.0,40.0,20.0
Kids,2,40.0,0.0,0.0,40.0,20.0
Art & Sculpture,2,44.0,-4.4,0.0,39.6,19.8
Jewelry,1,44.0,-4.4,0.0,39.6,39.6
Art & Sculpture,1,44.0,-4.4,0.0,39.6,39.6
Fair Trade Gifts,1,44.0,-4.4,0.0,39.6,39.6
Basket,1,44.0,-4.41,0.0,39.59,39.59
Kitchen,1,39.0,0.0,0.0,39.0,39.0
Kitchen,1,39.0,0.0,0.0,39.0,39.0
Home Decor,2,40.0,-1.9,0.0,38.1,19.05
Art & Sculpture,1,38.0,0.0,0.0,38.0,38.0
Recycled Art,1,38.0,0.0,0.0,38.0,38.0
Basket,1,38.0,0.0,0.0,38.0,38.0
Art & Sculpture,1,38.0,0.0,0.0,38.0,38.0
Home Decor,1,114.0,-7.6,-68.4,38.0,38.0
Art & Sculpture,1,38.0,0.0,0.0,38.0,38.0
Jewelry,1,38.0,0.0,0.0,38.0,38.0
Basket,1,38.0,0.0,0.0,38.0,38.0
Art & Sculpture,1,38.0,0.0,0.0,38.0,38.0
Jewelry,1,38.0,0.0,0.0,38.0,38.0
Art & Sculpture,1,38.0,0.0,0.0,38.0,38.0
Home Decor,1,38.0,0.0,0.0,38.0,38.0
Basket,1,38.0,0.0,0.0,38.0,38.0
Music,1,38.0,0.0,0.0,38.0,38.0
Music,2,40.0,-2.0,0.0,38.0,19.0
Art & Sculpture,1,38.0,0.0,0.0,38.0,38.0
Jewelry,1,38.0,0.0,0.0,38.0,38.0
Jewelry,1,38.0,0.0,0.0,38.0,38.0
Home Decor,1,38.0,0.0,0.0,38.0,38.0
Jewelry,1,38.0,0.0,0.0,38.0,38.0
Home Decor,1,38.0,0.0,0.0,38.0,38.0
Art & Sculpture,1,38.0,0.0,0.0,38.0,38.0
Art & Sculpture,1,38.0,0.0,0.0,38.0,38.0
Art & Sculpture,1,38.0,0.0,0.0,38.0,38.0
Jewelry,1,38.0,0.0,0.0,38.0,38.0
Furniture,1,38.0,0.0,0.0,38.0,38.0
Basket,1,38.0,0.0,0.0,38.0,38.0
Art & Sculpture,1,38.0,0.0,0.0,38.0,38.0
Kids,1,38.0,0.0,0.0,38.0,38.0
Art & Sculpture,1,38.0,0.0,0.0,38.0,38.0
Art & Sculpture,1,42.0,-4.19,0.0,37.81,37.81
Basket,1,42.0,-4.2,0.0,37.8,37.8
Home Decor,2,42.0,-4.2,0.0,37.8,18.9
Home Decor,1,42.0,-4.2,0.0,37.8,37.8
Basket,1,40.6,-4.06,0.0,36.54,36.54
Christmas,2,40.0,-3.88,0.0,36.12,18.06
Art & Sculpture,2,38.0,-1.9,0.0,36.1,18.05
Art & Sculpture,2,36.0,0.0,0.0,36.0,18.0
Christmas,2,36.0,0.0,0.0,36.0,18.0
Soapstone,2,36.0,0.0,0.0,36.0,18.0
Jewelry,2,36.0,0.0,0.0,36.0,18.0
Kitchen,2,36.0,0.0,0.0,36.0,18.0
Art & Sculpture,2,36.0,0.0,0.0,36.0,18.0
Soapstone,2,36.0,0.0,0.0,36.0,18.0
Kitchen,2,36.0,0.0,0.0,36.0,18.0
Christmas,2,36.0,0.0,0.0,36.0,18.0
Soapstone,1,36.0,0.0,0.0,36.0,36.0
Kitchen,1,36.0,0.0,0.0,36.0,36.0
Kitchen,2,36.0,0.0,0.0,36.0,18.0
Fair Trade Gifts,2,36.0,0.0,0.0,36.0,18.0
Art & Sculpture,1,36.0,0.0,0.0,36.0,36.0
Fair Trade Gifts,1,36.0,0.0,0.0,36.0,36.0
Basket,1,48.0,-12.0,0.0,36.0,36.0
Christmas,2,36.0,0.0,0.0,36.0,18.0
Art & Sculpture,1,36.0,0.0,0.0,36.0,36.0
Kitchen,2,36.0,0.0,0.0,36.0,18.0
Art & Sculpture,2,36.0,0.0,0.0,36.0,18.0
Christmas,2,36.0,0.0,0.0,36.0,18.0
Kitchen,2,36.0,0.0,0.0,36.0,18.0
Art & Sculpture,2,36.0,0.0,0.0,36.0,18.0
Kitchen,2,36.0,0.0,0.0,36.0,18.0
Jewelry,3,36.0,0.0,0.0,36.0,12.0
Kitchen,1,36.0,0.0,0.0,36.0,36.0
Basket,1,69.75,0.0,-34.0,35.75,35.75
Basket,1,44.0,-8.8,0.0,35.2,35.2
Kitchen,1,39.0,-3.9,0.0,35.1,35.1
Art & Sculpture,2,36.0,-1.16,0.0,34.84,17.42
Music,2,37.0,-2.4,0.0,34.6,17.3
Art & Sculpture,2,36.0,-1.8,0.0,34.2,17.1
Kitchen,2,36.0,-1.8,0.0,34.2,17.1
Recycled Art,1,38.0,-3.8,0.0,34.2,34.2
Art & Sculpture,1,38.0,-3.8,0.0,34.2,34.2
Art & Sculpture,2,36.0,-1.8,0.0,34.2,17.1
Art & Sculpture,1,38.0,-3.8,0.0,34.2,34.2
Home Decor,1,38.0,-3.8,0.0,34.2,34.2
Easter,1,38.0,-3.8,0.0,34.2,34.2
Home Decor,1,38.0,-3.8,0.0,34.2,34.2
Jewelry,1,34.0,0.0,0.0,34.0,34.0
Basket,1,44.0,-10.0,0.0,34.0,34.0
Kids,1,34.0,0.0,0.0,34.0,34.0
Basket,1,34.0,0.0,0.0,34.0,34.0
Kids,1,34.0,0.0,0.0,34.0,34.0
Basket,1,34.0,0.0,0.0,34.0,34.0
Jewelry,1,34.0,0.0,0.0,34.0,34.0
Home Decor,1,34.0,0.0,0.0,34.0,34.0
Basket,1,34.0,0.0,0.0,34.0,34.0
Basket,1,34.0,0.0,0.0,34.0,34.0
Jewelry,1,34.0,0.0,0.0,34.0,34.0
Home Decor,1,34.0,0.0,0.0,34.0,34.0
Accessories,1,34.0,0.0,0.0,34.0,34.0
Basket,1,34.0,0.0,0.0,34.0,34.0
Jewelry,1,34.0,0.0,0.0,34.0,34.0
Jewelry,1,34.0,0.0,0.0,34.0,34.0
Kids,1,34.0,0.0,0.0,34.0,34.0
Basket,1,34.0,0.0,0.0,34.0,34.0
Soapstone,1,34.0,0.0,0.0,34.0,34.0
Kids,1,34.0,0.0,0.0,34.0,34.0
Basket,1,34.0,0.0,0.0,34.0,34.0
Basket,1,34.0,0.0,0.0,34.0,34.0
Jewelry,1,34.0,0.0,0.0,34.0,34.0
Art & Sculpture,1,34.0,0.0,0.0,34.0,34.0
Basket,1,34.0,0.0,0.0,34.0,34.0
Art & Sculpture,1,34.0,0.0,0.0,34.0,34.0
Basket,1,34.0,0.0,0.0,34.0,34.0
Art & Sculpture,2,36.0,-2.1,0.0,33.9,16.95
Furniture,1,45.0,-11.25,0.0,33.75,33.75
Kitchen,3,34.5,-1.05,0.0,33.45,11.15
Art & Sculpture,1,36.0,-3.6,0.0,32.4,32.4
Art & Sculpture,2,36.0,-3.6,0.0,32.4,16.2
Christmas,1,36.0,-3.6,0.0,32.4,32.4
Art & Sculpture,1,32.0,0.0,0.0,32.0,32.0
Art & Sculpture,1,32.0,0.0,0.0,32.0,32.0
Art & Sculpture,1,32.0,0.0,0.0,32.0,32.0
Kids,2,32.0,0.0,0.0,32.0,16.0
Kids,1,32.0,0.0,0.0,32.0,32.0
Art & Sculpture,1,32.0,0.0,0.0,32.0,32.0
Kids,1,32.0,0.0,0.0,32.0,32.0
Jewelry,2,32.0,0.0,0.0,32.0,16.0
Art & Sculpture,1,32.0,0.0,0.0,32.0,32.0
Art & Sculpture,1,32.0,0.0,0.0,32.0,32.0
Soapstone,2,32.0,0.0,0.0,32.0,16.0
Music,1,32.0,0.0,0.0,32.0,32.0
Kitchen,1,32.0,0.0,0.0,32.0,32.0
Kids,1,32.0,0.0,0.0,32.0,32.0
Art & Sculpture,1,32.0,0.0,0.0,32.0,32.0
Jewelry,1,32.0,0.0,0.0,32.0,32.0
Art & Sculpture,1,32.0,0.0,0.0,32.0,32.0
Kids,2,32.0,0.0,0.0,32.0,16.0
Kitchen,1,32.0,0.0,0.0,32.0,32.0
Kitchen,1,32.0,0.0,0.0,32.0,32.0
Soapstone,1,32.0,0.0,0.0,32.0,32.0
Soapstone,2,32.0,0.0,0.0,32.0,16.0
Kitchen,1,31.5,0.0,0.0,31.5,31.5
Kids,2,31.5,0.0,0.0,31.5,15.75
Kids,2,31.5,0.0,0.0,31.5,15.75
Kids,2,31.5,0.0,0.0,31.5,15.75
Art & Sculpture,1,36.0,-5.0,0.0,31.0,31.0
Soapstone,1,34.0,-3.4,0.0,30.6,30.6
Basket,1,34.0,-3.4,0.0,30.6,30.6
Christmas,1,34.0,-3.4,0.0,30.6,30.6
Jewelry,1,34.0,-3.4,0.0,30.6,30.6
Kids,1,34.0,-3.4,0.0,30.6,30.6
Music,2,34.0,-3.4,0.0,30.6,15.3
Kids,1,34.0,-3.41,0.0,30.59,30.59
Home Decor,1,76.0,-7.6,-38.0,30.4,30.4
Jewelry,1,32.0,-1.6,0.0,30.4,30.4
Kids,1,30.0,0.0,0.0,30.0,30.0
Kitchen,2,30.0,0.0,0.0,30.0,15.0
Kids,1,30.0,0.0,0.0,30.0,30.0
Jewelry,1,30.0,0.0,0.0,30.0,30.0
Kids,1,30.0,0.0,0.0,30.0,30.0
Soapstone,2,30.0,0.0,0.0,30.0,15.0
Fair Trade Gifts,1,30.0,0.0,0.0,30.0,30.0
Basket,1,34.0,-5.1,0.0,28.9,28.9
Kitchen,3,31.5,-2.62,0.0,28.88,9.626666666666667
Kitchen,1,32.0,-3.2,0.0,28.8,28.8
Kids,1,32.0,-3.2,0.0,28.8,28.8
Basket,2,34.0,-5.2,0.0,28.8,14.4
Accessories,1,32.0,-3.2,0.0,28.8,28.8
Home Decor,1,32.0,-3.2,0.0,28.8,28.8
Jewelry,1,32.0,-3.2,0.0,28.8,28.8
Basket,1,70.0,-7.2,-34.0,28.8,28.8
Kids,1,32.0,-3.2,0.0,28.8,28.8
Jewelry,1,28.5,0.0,0.0,28.5,28.5
Art & Sculpture,1,28.0,0.0,0.0,28.0,28.0
Basket,1,28.0,0.0,0.0,28.0,28.0
Jewelry,1,28.0,0.0,0.0,28.0,28.0
Kitchen,1,28.0,0.0,0.0,28.0,28.0
Kitchen,1,28.0,0.0,0.0,28.0,28.0
Jewelry,1,28.0,0.0,0.0,28.0,28.0
Soapstone,1,28.0,0.0,0.0,28.0,28.0
Jewelry,1,28.0,0.0,0.0,28.0,28.0
Art & Sculpture,1,28.0,0.0,0.0,28.0,28.0
Accessories,1,28.0,0.0,0.0,28.0,28.0
Jewelry,1,28.0,0.0,0.0,28.0,28.0
Jewelry,1,28.0,0.0,0.0,28.0,28.0
Jewelry,1,28.0,0.0,0.0,28.0,28.0
Kitchen,1,28.0,0.0,0.0,28.0,28.0
Jewelry,1,28.0,0.0,0.0,28.0,28.0
Jewelry,1,28.0,0.0,0.0,28.0,28.0
Christmas,1,28.0,0.0,0.0,28.0,28.0
Art & Sculpture,1,28.0,0.0,0.0,28.0,28.0
Jewelry,1,28.0,0.0,0.0,28.0,28.0
Jewelry,1,28.0,0.0,0.0,28.0,28.0
Jewelry,1,28.0,0.0,0.0,28.0,28.0
Basket,1,28.0,0.0,0.0,28.0,28.0
Basket,1,28.0,0.0,0.0,28.0,28.0
Basket,1,28.0,0.0,0.0,28.0,28.0
Jewelry,1,28.0,0.0,0.0,28.0,28.0
Kitchen,1,28.0,0.0,0.0,28.0,28.0
Basket,1,28.0,0.0,0.0,28.0,28.0
Jewelry,1,28.0,0.0,0.0,28.0,28.0
Jewelry,1,28.0,0.0,0.0,28.0,28.0
Basket,1,28.0,0.0,0.0,28.0,28.0
Basket,1,28.0,0.0,0.0,28.0,28.0
Art & Sculpture,1,28.0,0.0,0.0,28.0,28.0
Jewelry,1,28.0,0.0,0.0,28.0,28.0
Kitchen,1,28.0,0.0,0.0,28.0,28.0
Jewelry,1,28.0,0.0,0.0,28.0,28.0
Soapstone,1,28.0,0.0,0.0,28.0,28.0
Soapstone,1,28.0,0.0,0.0,28.0,28.0
Fair Trade Gifts,1,28.0,0.0,0.0,28.0,28.0
Accessories,1,28.0,0.0,0.0,28.0,28.0
Jewelry,1,28.0,0.0,0.0,28.0,28.0
Kids,1,28.0,0.0,0.0,28.0,28.0
Basket,1,28.0,0.0,0.0,28.0,28.0
Jewelry,1,68.0,-13.6,-27.2,27.2,27.2
Jewelry,1,34.0,-6.8,0.0,27.2,27.2
Kids,1,32.0,-4.81,0.0,27.19,27.19
Kids,1,30.0,-3.0,0.0,27.0,27.0
Kids,1,30.0,-3.0,0.0,27.0,27.0
,1,24.0,0.0,0.0,24.0,24.0
Jewelry,1,28.0,-1.85,0.0,26.15,26.15
Jewelry,1,26.0,0.0,0.0,26.0,26.0
Art & Sculpture,1,25.6,0.0,0.0,25.6,25.6
Recycled Art,1,28.0,-2.8,0.0,25.2,25.2
Basket,1,56.0,-2.8,-28.0,25.2,25.2
Soapstone,1,28.0,-2.8,0.0,25.2,25.2
Kids,1,28.0,-2.8,0.0,25.2,25.2
Kitchen,1,28.0,-2.8,0.0,25.2,25.2
Jewelry,1,28.0,-2.8,0.0,25.2,25.2
Kitchen,1,28.0,-2.8,0.0,25.2,25.2
Kitchen,1,28.0,-2.8,0.0,25.2,25.2
Basket,1,84.0,-2.8,-56.0,25.2,25.2
Basket,1,28.0,-2.81,0.0,25.19,25.19
Art & Sculpture,2,26.4,-1.32,0.0,25.08,12.54
Fair Trade Gifts,1,25.0,0.0,0.0,25.0,25.0
Recycled Art,1,25.0,0.0,0.0,25.0,25.0
Art & Sculpture,1,24.0,0.0,0.0,24.0,24.0
Jewelry,1,24.0,0.0,0.0,24.0,24.0
Basket,1,24.0,0.0,0.0,24.0,24.0
Soapstone,1,24.0,0.0,0.0,24.0,24.0
Soapstone,1,24.0,0.0,0.0,24.0,24.0
Kitchen,1,24.0,0.0,0.0,24.0,24.0
Fair Trade Gifts,2,24.0,0.0,0.0,24.0,12.0
Jewelry,1,24.0,0.0,0.0,24.0,24.0
Art & Sculpture,1,24.0,0.0,0.0,24.0,24.0
Textiles,1,24.0,0.0,0.0,24.0,24.0
Art & Sculpture,1,24.0,0.0,0.0,24.0,24.0
Kitchen,1,24.0,0.0,0.0,24.0,24.0
Kitchen,1,24.0,0.0,0.0,24.0,24.0
Kids,1,24.0,0.0,0.0,24.0,24.0
Basket,1,24.0,0.0,0.0,24.0,24.0
Art & Sculpture,1,24.0,0.0,0.0,24.0,24.0
Accessories,1,24.0,0.0,0.0,24.0,24.0
Fair Trade Gifts,2,24.0,0.0,0.0,24.0,12.0
Fair Trade Gifts,1,24.0,0.0,0.0,24.0,24.0
Basket,1,28.0,-4.52,0.0,23.48,23.48
Art & Sculpture,1,26.0,-2.59,0.0,23.41,23.41
Art & Sculpture,1,26.0,-2.6,0.0,23.4,23.4
Kitchen,1,24.0,-1.39,0.0,22.61,22.61
Jewelry,1,28.0,-5.6,0.0,22.4,22.4
Jewelry,1,22.0,0.0,0.0,22.0,22.0
Kitchen,1,22.0,0.0,0.0,22.0,22.0
Jewelry,1,22.0,0.0,0.0,22.0,22.0
Kitchen,1,22.0,0.0,0.0,22.0,22.0
Jewelry,1,22.0,0.0,0.0,22.0,22.0
Jewelry,1,22.0,0.0,0.0,22.0,22.0
Music,1,22.0,0.0,0.0,22.0,22.0
Art & Sculpture,1,22.0,0.0,0.0,22.0,22.0
Soapstone,1,22.0,0.0,0.0,22.0,22.0
Art & Sculpture,1,22.0,0.0,0.0,22.0,22.0
Fair Trade Gifts,1,22.0,0.0,0.0,22.0,22.0
Art & Sculpture,1,22.0,0.0,0.0,22.0,22.0
Kitchen,1,22.0,0.0,0.0,22.0,22.0
Christmas,1,22.0,0.0,0.0,22.0,22.0
Art & Sculpture,1,22.0,0.0,0.0,22.0,22.0
Accessories,1,22.0,0.0,0.0,22.0,22.0
Art & Sculpture,1,24.0,-2.4,0.0,21.6,21.6
Home Decor,1,24.0,-2.4,0.0,21.6,21.6
Kids,1,24.0,-2.4,0.0,21.6,21.6
Soapstone,1,24.0,-2.4,0.0,21.6,21.6
Kitchen,2,22.5,-1.05,0.0,21.45,10.725
Recycled Art,1,25.0,-3.75,0.0,21.25,21.25
Fair Trade Gifts,1,25.0,-3.75,0.0,21.25,21.25
Soapstone,1,21.0,0.0,0.0,21.0,21.0
Soapstone,2,20.0,0.0,0.0,20.0,10.0
Jewelry,2,20.0,0.0,0.0,20.0,10.0
Christmas,1,20.0,0.0,0.0,20.0,20.0
Music,1,20.0,0.0,0.0,20.0,20.0
Kitchen,1,22.0,-2.2,0.0,19.8,19.8
Kitchen,1,22.0,-2.2,0.0,19.8,19.8
Jewelry,1,22.0,-2.21,0.0,19.79,19.79
Gift Baskets,1,19.5,0.0,0.0,19.5,19.5
Skin Care,1,18.5,0.0,0.0,18.5,18.5
Skin Care,1,18.5,0.0,0.0,18.5,18.5
Kids,1,18.0,0.0,0.0,18.0,18.0
Kids,1,18.0,0.0,0.0,18.0,18.0
Christmas,1,18.0,0.0,0.0,18.0,18.0
Kids,1,18.0,0.0,0.0,18.0,18.0
Art & Sculpture,1,18.0,0.0,0.0,18.0,18.0
Art & Sculpture,1,18.0,0.0,0.0,18.0,18.0
Christmas,1,18.0,0.0,0.0,18.0,18.0
Kitchen,1,18.0,0.0,0.0,18.0,18.0
Art & Sculpture,1,18.0,0.0,0.0,18.0,18.0
Soapstone,1,18.0,0.0,0.0,18.0,18.0
Art & Sculpture,1,18.0,0.0,0.0,18.0,18.0
Art & Sculpture,1,18.0,0.0,0.0,18.0,18.0
Christmas,1,18.0,0.0,0.0,18.0,18.0
Kitchen,1,18.0,0.0,0.0,18.0,18.0
Christmas,1,18.0,0.0,0.0,18.0,18.0
Soapstone,1,18.0,0.0,0.0,18.0,18.0
Kids,1,18.0,0.0,0.0,18.0,18.0
Christmas,1,18.0,0.0,0.0,18.0,18.0
Kitchen,1,18.0,0.0,0.0,18.0,18.0
Jewelry,1,18.0,0.0,0.0,18.0,18.0
Fair Trade Gifts,1,18.0,0.0,0.0,18.0,18.0
Kids,1,18.0,0.0,0.0,18.0,18.0
Kitchen,1,18.0,0.0,0.0,18.0,18.0
Jewelry,1,18.0,0.0,0.0,18.0,18.0
Kitchen,1,18.0,0.0,0.0,18.0,18.0
Home Decor,1,18.0,0.0,0.0,18.0,18.0
Art & Sculpture,1,18.0,0.0,0.0,18.0,18.0
Soapstone,1,18.0,0.0,0.0,18.0,18.0
Art & Sculpture,1,18.0,0.0,0.0,18.0,18.0
Kids,1,18.0,0.0,0.0,18.0,18.0
Kitchen,1,18.0,0.0,0.0,18.0,18.0
Jewelry,1,18.0,0.0,0.0,18.0,18.0
Jewelry,1,18.0,0.0,0.0,18.0,18.0
Art & Sculpture,1,18.0,0.0,0.0,18.0,18.0
Kitchen,1,18.0,0.0,0.0,18.0,18.0
Soapstone,1,18.0,0.0,0.0,18.0,18.0
Skin Care,1,18.5,-1.85,0.0,16.65,16.65
Music,1,16.5,0.0,0.0,16.5,16.5
Kitchen,1,16.5,0.0,0.0,16.5,16.5
Kitchen,1,18.0,-1.8,0.0,16.2,16.2
Soapstone,1,18.0,-1.8,0.0,16.2,16.2
Music,1,18.0,-1.8,0.0,16.2,16.2
Kitchen,1,18.0,-1.8,0.0,16.2,16.2
Music,1,18.0,-1.8,0.0,16.2,16.2
Christmas,1,18.0,-1.81,0.0,16.19,16.19
Kids,1,16.0,0.0,0.0,16.0,16.0
Kitchen,1,16.0,0.0,0.0,16.0,16.0
Kitchen,1,16.0,0.0,0.0,16.0,16.0
Music,1,16.0,0.0,0.0,16.0,16.0
Music,1,32.0,-1.6,-14.4,16.0,16.0
Music,1,16.0,0.0,0.0,16.0,16.0
Kitchen,1,16.0,0.0,0.0,16.0,16.0
Soapstone,1,16.0,0.0,0.0,16.0,16.0
Soapstone,1,18.0,-2.31,0.0,15.69,15.69
Jewelry,1,16.0,-1.6,0.0,14.4,14.4
Art & Sculpture,1,16.0,-1.6,0.0,14.4,14.4
Soapstone,1,18.0,-3.6,0.0,14.4,14.4
Soapstone,1,14.0,0.0,0.0,14.0,14.0
Art & Sculpture,1,14.0,0.0,0.0,14.0,14.0
Soapstone,1,14.0,0.0,0.0,14.0,14.0
Kitchen,1,14.0,0.0,0.0,14.0,14.0
Jewelry,1,14.0,0.0,0.0,14.0,14.0
Soapstone,1,13.5,0.0,0.0,13.5,13.5
Art & Sculpture,1,13.2,0.0,0.0,13.2,13.2
Jewelry,1,12.0,0.0,0.0,12.0,12.0
Soapstone,1,12.0,0.0,0.0,12.0,12.0
Kitchen,1,12.0,0.0,0.0,12.0,12.0
Fair Trade Gifts,1,12.0,0.0,0.0,12.0,12.0
,1,10.5,0.0,0.0,10.5,10.5
Soapstone,0,26.0,0.0,-26.0,0.0,
Basket,0,34.0,0.0,-34.0,0.0,
Basket,0,48.0,0.0,-48.0,0.0,
Textiles,0,1.0,0.0,-1.0,0.0,
Basket,0,195.0,0.0,-195.0,0.0,
Basket,0,28.0,0.0,-28.0,0.0,
Kitchen,0,32.0,-3.21,-28.79,0.0,
Christmas,0,380.0,0.0,-380.0,0.0,
Kitchen,0,28.0,-2.81,-25.19,0.0,
Jewelry,0,28.0,0.0,-28.0,0.0,
Basket,0,116.0,-23.2,-92.8,0.0,
Kitchen,0,16.5,0.0,-16.5,0.0,
Kitchen,-1,0.0,0.0,-106.25,-106.25,106.25
